structure,atom_number,element,raw_displacement_A,corrected_displacement_A,dx_A,dy_A,dz_A,initial_frac_x,initial_frac_y,initial_frac_z,relaxed_frac_x,relaxed_frac_y,relaxed_frac_z
vacancy_O1,1,Ga,0.036293410828030906,0.036293410828032543,0.007108085343314319,-0.016506112967156122,0.0315314926224559,0.32941915,0.15736517,0.15883829,0.3304560864691161,0.1559045422239255,0.1611404696766529
vacancy_O1,2,Ga,0.05926084050303341,0.05926084050303457,0.013886343027014015,0.014553007681942816,0.05574250318985966,0.32941915,0.15736517,0.65883829,0.3319116698968518,0.158652967271712,0.6638064259155699
vacancy_O1,3,Ga,0.011731564796801637,0.01173156479680317,0.0045190238302865076,-0.004694664260208686,0.009755417145710035,0.32941915,0.65736517,0.15883829,0.3301362307465027,0.6569497386363926,0.1596042735931726
vacancy_O1,4,Ga,0.0035777534312202083,0.0035777534312218286,0.000776735159641073,-0.0021836592210813166,0.002725552148204738,0.32941915,0.65736517,0.65883829,0.3295286715397427,0.6571719377521572,0.6590253738547555
vacancy_O1,5,Ga,0.0366017438166597,0.036601743816661335,0.007586615760072633,-0.016426879076970165,0.0318164824504552,0.82941915,0.15736517,0.15883829,0.830537768369885,0.1559115536396987,0.1611739591897539
vacancy_O1,6,Ga,0.07049239530579511,0.07049239530579383,-0.016787561830127348,-0.008931308721125485,-0.0678792110168931,0.82941915,0.15736517,0.6588383,0.8264922720091372,0.1565748374958708,0.6529662024626258
vacancy_O1,7,Ga,0.011995104035453646,0.011995104035455324,0.00018751306779718588,-0.004711629824855798,0.011029410866602585,0.82941915,0.65736517,0.15883829,0.8294038551401611,0.6569482373516862,0.1596196682470572
vacancy_O1,8,Ga,0.009624601656402476,0.009624601656403184,-0.00013494428357560689,-0.009581218698606684,-0.0009027709201335726,0.82941915,0.65736517,0.6588383,0.829300778523272,0.6565173268895309,0.658573184180707
vacancy_O1,9,Ga,0.01699614302602354,0.016996143026022377,-0.003605758699593759,-0.004176486278152417,-0.016075582239213532,0.17058085,0.34263483,0.3411617,0.1699296709985213,0.3422652522637758,0.339737171303281
vacancy_O1,10,Ga,0.006729024947364502,0.006729024947363862,-0.0034272332185635835,0.005783802714802873,0.00028543889724149573,0.17058085,0.34263483,0.8411617,0.1700591902549171,0.3431466393468394,0.8412324124196019
vacancy_O1,11,Ga,0.021299100207715912,0.021299100207714267,-0.004198104851727645,0.01179237078592316,-0.017232747214517504,0.17058085,0.84263483,0.3411617,0.1699888084098505,0.8436783382051094,0.339952637106831
vacancy_O1,12,Ga,0.012161475309460356,0.012161475309458996,-0.0019021179657467125,0.010888853692267608,-0.005071123565380203,0.17058085,0.84263483,0.8411617,0.1703679147636489,0.8435983858767946,0.8409408130056115
vacancy_O1,13,Ga,0.03174562285557097,0.03174562285557244,0.004417199267013555,-0.02665802470426043,0.01666201188304638,0.67058085,0.34263483,0.3411617,0.6710616620546141,0.3402758584228757,0.3420334217064327
vacancy_O1,14,Ga,0.007266611851377432,0.007266611851376341,0.0033668647329754844,0.006211118045567724,-0.0016999653797745388,0.67058085,0.34263483,0.8411617,0.6712119387517993,0.3431844525280832,0.8412172773094251
vacancy_O1,15,Ga,0.07257362192915434,0.07257362192915334,-0.001800937554735195,0.07209294218861541,-0.008142168656358514,0.67058085,0.84263483,0.3411617,0.6709954500232868,0.8490143424890493,0.3419209479366036
vacancy_O1,16,Ga,0.01209078103158092,0.01209078103157951,-0.0010555718240698546,0.01072870009122003,-0.005474280631323902,0.67058085,0.84263483,0.8411617,0.6705094191264683,0.8435842138667887,0.8409223590872309
vacancy_O1,17,Ga,0.010964840337519825,0.010964840337521283,0.0020489633232727523,-0.00042825833407584955,0.010763181115567623,0.0452367,0.397393,0.09047439,0.0455787891357281,0.3973551033722882,0.0913566783419365
vacancy_O1,18,Ga,0.01601124187448212,0.016011241874480827,0.0023767600997680787,0.014846984866626322,-0.005502537429354542,0.0452367,0.397393,0.59047439,0.0457865512681377,0.3987068113455485,0.5903822836182757
vacancy_O1,19,Ga,0.0012272162264277988,0.0012272162264293676,-0.00047441389589379017,-0.00044791261063967903,0.0010394062800581686,0.0452367,0.897393,0.09047439,0.0451520368704482,0.8973533641631646,0.0905382977895329
vacancy_O1,20,Ga,0.01807001966886474,0.01807001966886526,0.0013160294976269059,-0.017629336074985985,-0.00374168234217591,0.0452367,0.897393,0.59047439,0.0452833341992245,0.8958329780859301,0.5898528258711206
vacancy_O1,21,Ga,0.01657914240348087,0.01657914240348249,0.003262137307593331,-0.005488778283954295,0.015300318165677161,0.5452367,0.397393,0.09047439,0.54573339412105,0.3969072973979271,0.0916381108048554
vacancy_O1,22,Ga,0.016392032978174098,0.01639203297817301,-0.005183579683044794,0.01511668661970429,-0.003648976907119295,0.5452367,0.397393,0.59047439,0.5445112277121507,0.3987306772837367,0.5903858740819852
vacancy_O1,23,Ga,0.0007007547147560187,0.000700754714757021,-0.0005500059761720279,-0.0003492432098746013,0.00025803057335465837,0.5452367,0.897393,0.09047439,0.5451402427482924,0.897362095429435,0.0904770290734967
vacancy_O1,24,Ga,0.017872742817291745,0.01787274281729235,-0.0030511522380334967,-0.01739069000530063,-0.0027729599659849493,0.5452367,0.897393,0.59047439,0.5445474781023051,0.8958540959032337,0.5898484932465485
vacancy_O1,25,Ga,0.22708134424910298,0.2270813442491039,-0.16411493475580025,0.034094136084255516,0.15319861285516825,0.4547633,0.102607,0.40952561,0.4273610600992605,0.1056239939018969,0.4190946197781092
vacancy_O1,26,Ga,0.030726510310662578,0.030726510310664142,0.007465134051261479,-0.007182780938487023,0.02892745871067408,0.4547633,0.102607,0.9095256,0.4559535807929533,0.1019713949142304,0.9118149548074612
vacancy_O1,27,Ga,0.017550657716869787,0.017550657716868458,-0.0017667426143042281,-0.002287565861809144,-0.017311015257845543,0.4547633,0.602607,0.40952561,0.4544418311321565,0.6024045730419387,0.4080771894032209
vacancy_O1,28,Ga,0.012722527478603128,0.01272252747860271,-0.0016838814497909733,-0.008955573828759857,-0.00887834140504196,0.4547633,0.602607,0.90952561,0.4543893333867131,0.6018145202737919,0.9086122629620689
vacancy_O1,29,Ga,0.22735688255236997,0.22735688255237016,0.21687240029037314,0.03409165844077974,0.059120832715563225,0.9547633,0.102607,0.40952561,0.991763822109959,0.1056237746549496,0.4191316710209527
vacancy_O1,30,Ga,0.012349138520753358,0.012349138520751713,-0.0023870718350372197,0.006736003677766041,-0.010071214659225978,0.9547633,0.102607,0.90952561,0.9544269679842393,0.1032030697161751,0.9088172016311385
vacancy_O1,31,Ga,0.01741666000198501,0.017416660001983757,-0.005191772876290559,-0.002346827257239863,-0.01645836996334663,0.9547633,0.602607,0.40952561,0.9538622667794849,0.6023993289944524,0.4080762188800026
vacancy_O1,32,Ga,0.009817444055601489,0.009817444055600751,-0.0014911981190167166,-0.005343721154760405,-0.008099579012199192,0.9547633,0.602607,0.90952561,0.9544579284787729,0.6021341335194561,0.9087496370116787
vacancy_O1,33,O,0.01072230850314018,0.0107223085031415,-0.00673734119346394,-0.0026644563175270693,0.007904227085008661,0.24823457,0.12833205,0.99646912,0.2470691031830745,0.1280962719635077,0.9969085243278424
vacancy_O1,34,O,0.018078862359239167,0.018078862359240284,0.0017091157531796653,-0.01762733297458302,0.0036333620449614332,0.24823457,0.62833205,0.49646912,0.2483476721876381,0.626772205340508,0.496438175990872
vacancy_O1,35,O,0.01979430327034916,0.01979430327034997,0.0009472067589905597,-0.019767342342201497,-0.00041160422801281586,0.24823457,0.62833205,0.99646912,0.2481975338934468,0.6265828356730628,0.9960608598632932
vacancy_O1,36,O,0.044722530287357884,0.04472253028735692,-0.010425072122592676,-0.01719529254588858,-0.039946770843255985,0.74823457,0.12833205,0.49646912,0.7463007962132436,0.1268104366461942,0.492764544696595
vacancy_O1,37,O,0.011120673443782939,0.0111206734437836,0.010096679737311395,-0.0025436101336377046,0.0039059548913799383,0.74823457,0.12833205,0.99646912,0.7499159617474684,0.1281069656557884,0.9969251070748223
vacancy_O1,38,O,0.010758887142837915,0.010758887142839088,0.0016659699338922094,-0.010271576802739211,0.0027336617781183463,0.74823457,0.62833205,0.49646912,0.7484137428846165,0.6274231170239556,0.4965129522989495
vacancy_O1,39,O,0.019860355967292128,0.019860355967292964,-0.00013483433845162427,-0.019859310548261434,-0.00015278545897960146,0.74823457,0.62833205,0.99646912,0.7480137064496859,0.6265746973962587,0.9960582583593384
vacancy_O1,40,O,0.01100825814275774,0.011008258142756296,-0.0024461688956466726,0.009119892334231198,-0.005659113789593039,0.25176543,0.37166795,0.00353088,0.251442884313326,0.3724749702890708,0.0032175657511544
vacancy_O1,41,O,0.06768004293446224,0.06768004293446338,0.003383653727577025,-0.06596527542386911,0.014755390110591793,0.25176543,0.37166795,0.50353087,0.2516794907173972,0.3658306754258934,0.5034475566715338
vacancy_O1,42,O,0.012665083180784744,0.012665083180783155,-0.003960215037844459,0.00642309535650035,-0.010171768522311674,0.25176543,0.87166796,0.00353088,0.2511600501626539,0.8722363404239526,0.0027774286881304
vacancy_O1,43,O,0.029335148659771985,0.029335148659770768,-0.0023085050017413707,0.02805510996326624,-0.008254244756295107,0.25176543,0.87166796,0.50353088,0.2516550095463768,0.8741505598073994,0.5033928740401382
vacancy_O1,44,O,0.011069690621986405,0.011069690621984917,-0.0017771686058129876,0.009091227997177065,-0.006060469925370261,0.75176544,0.37166795,0.00353088,0.7515556974400812,0.3724724337786902,0.0031983948174102
vacancy_O1,45,O,0.02835661690821011,0.028356616908209877,0.002214424550744744,0.026166914233792814,0.010699843263775606,0.75176544,0.37166795,0.50353088,0.7524007514132012,0.3739834631568584,0.5049419129220978
vacancy_O1,46,O,0.012620008098160789,0.012620008098159155,-0.002842574545560206,0.006339731084831997,-0.010535282821194253,0.75176544,0.87166796,0.00353088,0.7513481566779106,0.8722289635102617,0.0027689565919606
vacancy_O1,47,O,0.008721488878087486,0.008721488878089068,0.0019641582607568065,-0.0022726902866297364,0.008187876979925318,0.75176544,0.87166796,0.50353088,0.7520747977142078,0.8714668493832443,0.5041711798499621
vacancy_O1,48,O,0.019991609855196314,0.01999160985519626,-0.0020802116761101967,-0.016865950262348484,-0.01052981033698814,0.08668553,0.28161508,0.17337106,0.0861656712467885,0.28012261018157,0.1721616278448099
vacancy_O1,49,O,0.046298274681078534,0.046298274681077806,0.017406492826210623,-0.02349618875163257,-0.03589531111556583,0.08668553,0.28161508,0.67337106,0.0893936109008549,0.2795358996387113,0.6704068588646044
vacancy_O1,50,O,0.022705840347001814,0.022705840347001353,-0.003421680475730311,-0.015505467690708782,-0.016230457796313283,0.08668553,0.78161508,0.17337106,0.0859524759920211,0.7802429994359605,0.1717119174118463
vacancy_O1,51,O,0.011276379863113828,0.011276379863114132,0.0018261625710753898,-0.010504120192823348,-0.0036722380173362995,0.08668553,0.78161508,0.67337106,0.0868894628178849,0.78068556923345,0.6729071192214269
vacancy_O1,52,O,0.017362168971895704,0.017362168971896588,0.0005344450436487675,-0.01734777844819512,0.0004624530423131938,0.58668553,0.28161508,0.17337106,0.5866028519253086,0.2800799731517045,0.1730720476091287
vacancy_O1,53,O,0.04537576520806777,0.04537576520806749,-0.03209727743385256,-0.02251102975395275,-0.022846846368123144,0.58668553,0.28161508,0.67337106,0.5810352299172034,0.2796230764682122,0.670486846083837
vacancy_O1,54,O,0.003071222460725397,0.0030712224607243894,0.0008231996948020339,0.002933515755514518,-0.0003863094328176558,0.58668553,0.78161508,0.17337106,0.5868539431836879,0.7818746671361467,0.1734151904319194
vacancy_O1,55,O,0.011449394001850004,0.011449394001850416,-0.0025526846197696886,-0.010724738233726461,-0.0030906979890706547,0.58668553,0.78161508,0.67337106,0.5861470542064844,0.7806660467184225,0.672862796554486
vacancy_O1,56,O,0.0271873990199195,0.02718739901992052,-0.0007561046726452154,0.010545740799532495,0.02504736158124155,0.41331447,0.21838492,0.32662894,0.4132918368121705,0.2193181137786765,0.3288040343556536
vacancy_O1,57,O,0.01964678819812593,0.019646788198127287,0.004397340987126018,0.0012828070111765102,0.0191053417901144,0.41331447,0.21838492,0.82662894,0.4140705987958384,0.2184984357353883,0.8282507230473779
vacancy_O1,58,O,0.0173853072455103,0.01738530724550979,0.0011173299710417986,0.01693496715715088,0.003769266393186861,0.41331447,0.71838492,0.32662894,0.4136722498461461,0.7198834971311432,0.3272865589622834
vacancy_O1,59,O,0.014859370273440345,0.014859370273440474,0.0018826295538747248,0.012111271486184922,0.008400815072003904,0.41331447,0.71838492,0.82662894,0.4137535073498771,0.7194566477636172,0.8275713928825404
vacancy_O1,60,O,0.02750911753928642,0.027509117539287246,0.012440343348800906,0.010575645288035493,0.022139221573847602,0.91331447,0.21838492,0.32662894,0.9155228864612143,0.219320760030197,0.3288336152825508
vacancy_O1,61,O,0.03531688734671872,0.03531688734671743,-0.008202568911441508,-0.004462795396273907,-0.03406000370470883,0.91331447,0.21838492,0.82662894,0.9118833823412275,0.217990006738004,0.8236871831067718
vacancy_O1,62,O,0.01748741705865094,0.017487417058650454,0.0005497232338951884,0.01700330034058572,0.004049115616666476,0.91331447,0.71838492,0.32662894,0.9135769821139146,0.7198895439421611,0.3272989067929185
vacancy_O1,63,O,0.011130772107915556,0.011130772107915026,0.00017731554739391827,0.010889535762928405,0.0022979681857882186,0.91331447,0.71838492,0.82662894,0.9134530527604426,0.7193485362333034,0.8270312507735302
vacancy_O1,64,O,0.025523566151306323,0.025523566151304883,-0.0026303473603671063,-0.0003553220220814749,-0.025385181663806742,0.41774776,0.44542296,0.33549502,0.4172995774578275,0.4453915175146653,0.333430080628195
vacancy_O1,65,O,0.04938299504886778,0.049382995048866486,-0.011566909467058245,-0.006063389227005608,-0.04762480568421337,0.41774776,0.44542296,0.83549501,0.4157319942906113,0.4448864100115359,0.8313832758138349
vacancy_O1,66,O,0.03433723942257053,0.03433723942256988,-0.018085820691763704,0.029169158110373464,0.0010532408083117352,0.41774776,0.94542296,0.33549502,0.4149814248151254,0.9480041420520979,0.3358053915786386
vacancy_O1,67,O,0.0550405426084955,0.05504054260849395,-0.013331972183236993,0.011783572881542047,-0.052085192314977775,0.41774776,0.94542296,0.83549501,0.415611625243627,0.9464656896775703,0.831352141483463
vacancy_O1,68,O,0.025550143812088682,0.025550143812087332,-0.008574809594461184,-0.00034287482021076797,-0.024065845634316414,0.91774776,0.44542296,0.33549502,0.9162948389779363,0.4453926189689461,0.3334180105853983
vacancy_O1,69,O,0.06355998109504757,0.0635599810950462,-0.014892566775558095,-0.0035313166043838937,-0.06168964625184502,0.91774776,0.44542296,0.83549502,0.9151950733231131,0.4451104734001119,0.8302569838041677
vacancy_O1,70,O,0.03474417472940624,0.034744174729405136,0.016525326876677928,0.02933273266570803,-0.008582659471777134,0.91774776,0.94542296,0.33549502,0.9208337871106846,0.9480186167827299,0.3357259331109622
vacancy_O1,71,O,0.06398813219936057,0.06398813219935902,-0.015525294771892564,0.013150983058392383,-0.0606671074735426,0.91774776,0.94542296,0.83549502,0.9152545001808283,0.946586691956518,0.8306581570645043
vacancy_O1,72,O,0.03277399593620043,0.032773995936202054,0.006839330891172024,-0.012031901608112336,0.029708445033019698,0.08225224,0.05457704,0.16450498,0.0832883701969158,0.0535123356857394,0.166747056973974
vacancy_O1,73,O,0.04897873840094809,0.04897873840094665,0.013342224861726277,0.0007452531274930098,-0.04712055229794597,0.08225224,0.05457704,0.66450498,0.0845150667057176,0.0546429875323106,0.6610574579308192
vacancy_O1,74,O,0.038481039451978144,0.038481039451979664,0.008743360101502482,-0.005596123583575148,0.03705438506138813,0.08225224,0.55457704,0.16450498,0.0836744192842598,0.5540818384003999,0.1674933483568484
vacancy_O1,75,O,0.04646831367129043,0.046468313671291825,0.01615461454588582,-0.001973446962102488,0.043525143439340774,0.08225224,0.55457704,0.66450498,0.0849633626203001,0.5544024094583824,0.6682223711599634
vacancy_O1,76,O,0.01581030858755614,0.01581030858755777,0.0022269364774463105,-0.010507693924995256,0.01160150765796583,0.58225224,0.05457704,0.16450498,0.582523884718983,0.0536472129934918,0.1652559554896278
vacancy_O1,77,O,0.04652759853695914,0.046527598536958134,-0.033037071299277965,0.0008054881933510633,-0.032752412649347605,0.58225224,0.05457704,0.66450498,0.5766756275441217,0.0546483177400016,0.6612845734669865
vacancy_O1,78,O,0.034090497640795914,0.03409049764079745,0.007728979195739843,-0.00586984398488339,0.032679807857179416,0.58225224,0.55457704,0.16450498,0.5835002164985847,0.554057616851582,0.1671222580533407
vacancy_O1,79,O,0.0464354363755531,0.04643543637555458,0.006307414137320106,-0.0018186673425865344,0.04596910622783002,0.58225224,0.55457704,0.66450498,0.5833003178173208,0.5544161059241636,0.668225478011786
vacancy_O2,1,Ga,0.05790238086816483,0.05790238086816396,0.04215970253588057,-0.03427931656687781,-0.020004340728845865,0.32941915,0.15736517,0.15883829,0.3362040104059769,0.1543317894565575,0.1574003879359517
vacancy_O2,2,Ga,0.012126212034013439,0.012126212034014436,0.0016890182735337857,0.009335376712339862,0.007552680133849711,0.32941915,0.15736517,0.65883829,0.3297977729932672,0.1581912585257053,0.6596545431308021
vacancy_O2,3,Ga,0.06326567546383295,0.06326567546383334,-0.012641630713626208,-0.06102186400841466,0.010911781602191927,0.32941915,0.65736517,0.15883829,0.3266735718415456,0.6519653384529915,0.1582355086968004
vacancy_O2,4,Ga,0.006373801890863926,0.006373801890864111,-0.00013171601632690634,-0.006342654430777305,0.0006154154749166653,0.32941915,0.65736517,0.65883829,0.3293336247209189,0.65680390780253,0.6587578250544782
vacancy_O2,5,Ga,0.05698871784033834,0.0569887178403387,-0.045695160872443824,-0.03402764976401598,0.0013361457497896557,0.82941915,0.15736517,0.15883829,0.8213553757855334,0.1543540594799911,0.1573689028994947
vacancy_O2,6,Ga,0.007026992396586066,0.007026992396585161,-0.0011470099596762424,0.00569071210180056,-0.003959644689677322,0.82941915,0.15736517,0.6588383,0.8292820148516074,0.1578687417481198,0.6586163767741665
vacancy_O2,7,Ga,0.06316570801130246,0.06316570801130247,0.01664713843453822,-0.06082474728645608,0.003623474582385745,0.82941915,0.65736517,0.15883829,0.8316265642227991,0.6519827813336864,0.1582378680176829
vacancy_O2,8,Ga,0.017057991615529927,0.017057991615531093,0.002678379510320603,-0.011644780506853275,0.012173760639236905,0.82941915,0.65736517,0.6588383,0.8297557664975835,0.6563347220751345,0.6596206744936498
vacancy_O2,9,Ga,0.047924822028099105,0.04792482202809832,-0.006325926769179192,0.041462474679989134,-0.023186944825637122,0.17058085,0.34263483,0.3411617,0.1699250384243808,0.3463038490054367,0.3400321690691119
vacancy_O2,10,Ga,0.048115809841935975,0.04811580984193756,-0.0039512591866191545,0.019860902032633677,0.04364703057523822,0.17058085,0.34263483,0.8411617,0.1701110087992525,0.3443923234343709,0.8449299252482991
vacancy_O2,11,Ga,0.014188344830525241,0.014188344830523735,-0.0033715265864926384,0.003688224048952513,-0.013279267331865536,0.17058085,0.84263483,0.3411617,0.1700477063205458,0.8429612013571454,0.3401196466596539
vacancy_O2,12,Ga,0.0060373229800983344,0.006037322980098239,-0.0029159585970751807,0.005194392239752934,-0.0009822135642313838,0.17058085,0.84263483,0.8411617,0.170139738433317,0.8430944823482122,0.8411304967215658
vacancy_O2,13,Ga,0.03967686991507782,0.03967686991507702,-0.0053866214386341016,0.03404115259567236,-0.019658032599752715,0.67058085,0.34263483,0.3411617,0.6700098022134866,0.3456471353870871,0.3401814553601382
vacancy_O2,14,Ga,0.047962010402878646,0.047962010402879764,0.0234682298234702,0.01978728593735561,0.03685186489273045,0.67058085,0.34263483,0.8411617,0.6747453144829622,0.3443858091378952,0.8449291961673889
vacancy_O2,15,Ga,0.02163028420859593,0.021630284208594416,-0.005196237042683816,0.00509080509998859,-0.020370371105474235,0.67058085,0.84263483,0.3411617,0.6697532429018234,0.8430853159106696,0.3395514064492374
vacancy_O2,16,Ga,0.00632505009650338,0.006325050096502581,0.0022842520624407046,0.005389513789471569,-0.0023961620044559793,0.67058085,0.84263483,0.8411617,0.6710207375133694,0.8431117486758931,0.8411246326797049
vacancy_O2,17,Ga,0.3612465414487453,0.3612465414487466,0.07290615894311382,-0.19908717302549542,0.29248598809782134,0.0452367,0.397393,0.09047439,0.0555752519007559,0.3797757538706525,0.1110490194631659
vacancy_O2,18,Ga,0.007927126720120399,0.007927126720121873,0.0013522154686631286,-0.00316622759650824,0.007140437953675388,0.0452367,0.397393,0.59047439,0.0454337019224164,0.397112820167108,0.5910020819477477
vacancy_O2,19,Ga,0.019036366092779054,0.019036366092780404,0.0036428222725775946,0.009681054089564907,0.015980934629229,0.0452367,0.897393,0.09047439,0.0459490452317712,0.8982496775553418,0.0920019673003147
vacancy_O2,20,Ga,0.005880659871751201,0.005880659871751864,-0.0017576666570557967,0.00527612632573917,0.001911873281561577,0.0452367,0.897393,0.59047439,0.0449922033850273,0.8978598850065904,0.5906962626070575
vacancy_O2,21,Ga,0.045128515954253386,0.04512851595425181,-0.01041349402874607,-0.00011069413072424746,-0.04391047530095585,0.5452367,0.397393,0.09047439,0.5434752801444757,0.3973832046640353,0.0867975727537474
vacancy_O2,22,Ga,0.007995814811470011,0.007995814811471533,0.0010339195478650178,-0.0029857050558528275,0.0073450411971169366,0.5452367,0.397393,0.59047439,0.5453816970841205,0.3971287946268499,0.5910156105165228
vacancy_O2,23,Ga,0.04246972043219392,0.04246972043219451,0.0033584656247898936,-0.03956450353128849,0.015068109455353872,0.5452367,0.897393,0.09047439,0.5454098163929587,0.8938919326730412,0.0909419250995232
vacancy_O2,24,Ga,0.005456484502630653,0.005456484502630893,0.0010301119538083789,0.005257153496448388,0.001036546962203193,0.5452367,0.897393,0.59047439,0.5454632652833818,0.897858206098812,0.5906813815503066
vacancy_O2,25,Ga,0.024164496286553924,0.024164496286552675,-0.011221898009509772,0.006914429217445036,-0.0202529640903232,0.4547633,0.102607,0.40952561,0.4529352925863625,0.1032188586120668,0.4078427903251853
vacancy_O2,26,Ga,0.018745683612301025,0.018745683612299443,-0.004057825172719276,0.00047400174279324547,-0.018295082161824437,0.4547633,0.102607,0.9095256,0.4540820854629254,0.1026489444670474,0.9080095568088108
vacancy_O2,27,Ga,0.020100278661493935,0.020100278661493304,-0.00043802327739513394,0.01868290911821119,-0.007401232651309126,0.4547633,0.602607,0.40952561,0.4548755935838887,0.604260252710086,0.4093047546347207
vacancy_O2,28,Ga,0.011870981934924252,0.011870981934922692,-0.0021220066380094604,-0.002677322472856002,-0.011368783765374592,0.4547633,0.602607,0.90952561,0.4543778893428411,0.6023700834359886,0.9085320782380497
vacancy_O2,29,Ga,0.02445280790485942,0.024452807904857772,0.0007945667536477946,0.007022758043400789,-0.023409172295699006,0.9547633,0.102607,0.40952561,0.9549676579170201,0.1032284446419489,0.4078311869884848
vacancy_O2,30,Ga,0.010649141065738452,0.010649141065736969,-0.0018269327564693976,0.004111247251771187,-0.009652158731398302,0.9547633,0.102607,0.90952561,0.954495476358005,0.1029708047275089,0.9088089497249773
vacancy_O2,31,Ga,0.020370027593780607,0.02037002759378006,-0.002425396762085116,0.0189826821755589,-0.006979487956830819,0.9547633,0.602607,0.40952561,0.9545426342313496,0.6042867796613405,0.409305087503386
vacancy_O2,32,Ga,0.020376023200073243,0.0203760232000741,0.003506266721510452,-0.01681768204707543,0.010956914971426176,0.9547633,0.602607,0.90952561,0.9551882710505495,0.6011188014413189,0.9101248651125023
vacancy_O2,33,O,0.012655811414265377,0.012655811414263987,-0.0023986514617357056,0.00611743893255636,-0.010816329073441298,0.24823457,0.12833205,0.49646912,0.2478901111607805,0.1288733828529322,0.4956892572555617
vacancy_O2,34,O,0.004042135843072417,0.004042135843073433,0.0022948076879982945,0.0015395996381215062,0.002949975051294336,0.24823457,0.12833205,0.99646912,0.2486378439462809,0.1284682893435662,0.9967779841150654
vacancy_O2,35,O,0.01346870606330011,0.013468706063300218,0.0007310413360072485,-0.013417189574405013,0.0009223044557553726,0.24823457,0.62833205,0.49646912,0.2482243274523742,0.6271447613992114,0.4962887119365371
vacancy_O2,36,O,0.014135063641683964,0.014135063641682854,0.004647450860991203,0.010659827113466962,-0.008035503130488552,0.24823457,0.62833205,0.99646912,0.2491265014551824,0.6292753392893115,0.9961378384234949
vacancy_O2,37,O,0.031366357824136465,0.03136635782413503,-0.006724190455606447,0.012680399196506273,-0.027889803550503023,0.74823457,0.12833205,0.49646912,0.7472243712739366,0.1294541399381329,0.4943859694987728
vacancy_O2,38,O,0.0035698978007803004,0.003569897800781786,0.00039220688112381945,0.001514575173551349,0.003208801351608987,0.74823457,0.12833205,0.99646912,0.7483159752854395,0.1284660749259074,0.996760624863447
vacancy_O2,39,O,0.014747706032391674,0.014747706032392316,0.001999686937852073,-0.013361672549405209,0.005912849740261951,0.74823457,0.62833205,0.49646912,0.7484393353050063,0.627149674106941,0.4967091182498565
vacancy_O2,40,O,0.012267110067711627,0.012267110067711116,-0.006202771630378808,0.009300526798970593,-0.005050526188065661,0.74823457,0.62833205,0.99646912,0.747278803002046,0.6291550546529873,0.9961338288097334
vacancy_O2,41,O,0.061949080332138896,0.06194908033214046,-0.03747394955648494,0.01092949515932933,0.0481034073034147,0.25176543,0.37166795,0.00353088,0.2455397734975386,0.3726351022447444,0.006815663713771
vacancy_O2,42,O,0.019540533776945205,0.01954053377694394,-0.004419038609572055,0.011119813849060918,-0.01544843998652393,0.25176543,0.37166795,0.50353087,0.2511293334840138,0.3726519435668098,0.5024450769659643
vacancy_O2,43,O,0.042035333020239166,0.042035333020239186,-0.0032543214386505214,0.041908905160326755,0.00014927276740245012,0.25176543,0.87166796,0.00353088,0.2516333006991225,0.8753764836883966,0.0043148248424448
vacancy_O2,44,O,0.016186118662060683,0.01618611866206,-0.0026309056589552187,0.014363720809823736,-0.0069822845296794505,0.25176543,0.87166796,0.50353088,0.2514639564771771,0.872939007255302,0.5032139694469949
vacancy_O2,45,O,0.06230874190283089,0.06230874190283121,0.05604432236165317,0.010657024369691456,0.02505675717487279,0.75176544,0.37166795,0.00353088,0.7613455634209656,0.3726109912742024,0.0068229676927883
vacancy_O2,46,O,0.013841181779531296,0.013841181779529784,-0.004031229122941446,-0.0007510084463104549,-0.013219814337800147,0.75176544,0.37166795,0.50353088,0.7510765034165942,0.3716014931788859,0.5023920353563356
vacancy_O2,47,O,0.0420634572424474,0.04206345724244731,0.0022557782351397887,0.04198395655775024,-0.0012622565103828215,0.75176544,0.87166796,0.00353088,0.752565496433124,0.8753831249949191,0.0043128347797872
vacancy_O2,48,O,0.02115392594224218,0.021153925942241122,-0.004080644573334996,0.01536996994066682,-0.013949944324581801,0.75176544,0.87166796,0.50353088,0.7512289360268675,0.8730280503530371,0.5026549339061145
vacancy_O2,49,O,0.009618820203899259,0.009618820203898953,0.0012713226404931293,-0.00941622915030004,-0.0014966861553926604,0.08668553,0.28161508,0.67337106,0.086806521979275,0.2807818368330486,0.6730898777195451
vacancy_O2,50,O,0.012178404571116342,0.012178404571115176,-0.0015075850518635292,-0.008359739322962152,-0.008726710930314867,0.08668553,0.78161508,0.17337106,0.0863473075257526,0.7808753257356158,0.1724850398225333
vacancy_O2,51,O,0.011602104680771596,0.011602104680770728,-0.0030207574766219747,-0.009000440352453936,-0.006669027721708265,0.08668553,0.78161508,0.67337106,0.0860851279648603,0.7808186300301098,0.6726052060266641
vacancy_O2,52,O,0.022062517132963484,0.022062517132962475,-0.0029612586817726466,-0.01689560818075951,-0.013875303004408267,0.58668553,0.28161508,0.17337106,0.5860164416715008,0.2801199857490643,0.1718793524962524
vacancy_O2,53,O,0.009625081485232431,0.009625081485232322,-0.0014978474148956559,-0.009451267857305398,-0.0010354625094701805,0.58668553,0.28161508,0.67337106,0.5863380670095782,0.2807787362539606,0.673071318655518
vacancy_O2,54,O,0.03226178138329673,0.03226178138329677,-2.0969478614657254e-05,-0.03225549974965543,0.0006362658285493205,0.58668553,0.78161508,0.17337106,0.5863602784334555,0.7787607872322685,0.1727775205208533
vacancy_O2,55,O,0.011629075549057555,0.011629075549056444,0.00015960561677660036,-0.008794265448917829,-0.007607287255436451,0.58668553,0.78161508,0.67337106,0.5866247986098095,0.7808368744703019,0.6725975420860223
vacancy_O2,56,O,0.062444339697313105,0.06244433969731227,-0.040888737762735425,0.025047175029992014,-0.040000571338676245,0.41331447,0.21838492,0.32662894,0.4066523771143569,0.2206013473099187,0.3231652549267783
vacancy_O2,57,O,0.023106802948443125,0.023106802948444104,0.002852006245506801,0.01814534315932172,0.01401916276046012,0.41331447,0.21838492,0.82662894,0.4139775545878435,0.219990603438472,0.8281548033611754
vacancy_O2,58,O,0.01936271634132995,0.019362716341330292,-0.002098600137772915,0.018921239764301965,0.0035351587458495814,0.41331447,0.71838492,0.32662894,0.4131484337140244,0.7200592626155206,0.3272446035205372
vacancy_O2,59,O,0.018237855712287993,0.01823785571228833,0.0011900065614288524,0.017756952278705867,0.003986716836918182,0.41331447,0.71838492,0.82662894,0.4136927334654955,0.71995623468616,0.8273215665792992
vacancy_O2,60,O,0.06265084198705621,0.06265084198705462,0.017671515674582482,0.025141370224260596,-0.05459630975346716,0.91331447,0.21838492,0.32662894,0.9165524475200275,0.2206096826531576,0.3231621381163318
vacancy_O2,61,O,0.008430115914136626,0.008430115914137405,0.000324932215060909,0.007429289953365883,0.0039707586391299465,0.91331447,0.21838492,0.82662894,0.9134434946764765,0.2190423386959698,0.827097328346482
vacancy_O2,62,O,0.019521715035120943,0.019521715035121026,0.003261547606737146,0.019158640853537023,0.001845574644017339,0.91331447,0.71838492,0.32662894,0.914056890531245,0.7200802702643654,0.3272209354415367
vacancy_O2,63,O,0.01566107765804861,0.015661077658049846,0.0026563525279472287,0.009718011065074889,0.011990554849456233,0.91331447,0.71838492,0.82662894,0.9138604292037403,0.7192448678822235,0.8278225358381223
vacancy_O2,64,O,0.04896227704310451,0.048962277043103006,-0.006652859619701938,0.019312709580813554,-0.044497901981703177,0.41774776,0.44542296,0.33549502,0.4168157678762479,0.4471319438232131,0.332232981209633
vacancy_O2,65,O,0.014055946020903936,0.014055946020902394,-0.0031957191760578537,-0.0025136151327559662,-0.013455063599057352,0.41774776,0.44542296,0.83549501,0.4171824798063352,0.4452005299167593,0.8343188004021966
vacancy_O2,66,O,0.06045372756569042,0.06045372756568896,-0.01778541465474989,0.014873778366684397,-0.0558310211194807,0.41774776,0.94542296,0.33549502,0.4148896280894226,0.9467391423053547,0.3310304040207102
vacancy_O2,67,O,0.03575169448951771,0.03575169448951617,-0.008239173783823946,0.006765498456800374,-0.034125176993866,0.41774776,0.94542296,0.83549501,0.4164224722811787,0.946021639712459,0.8327713598664105
vacancy_O2,68,O,0.0492949331481541,0.04929493314815277,-0.01631341506825335,0.01953628766630672,-0.04221606787836885,0.91774776,0.44542296,0.33549502,0.9151849600497893,0.4471517282729162,0.3322283076081651
vacancy_O2,69,O,0.07141163170056508,0.07141163170056351,-0.01738255414166995,0.005714464915278261,-0.0690276237775928,0.91774776,0.44542296,0.83549502,0.9148663760647411,0.4459286336372317,0.8298126359747924
vacancy_O2,70,O,0.06047542819419332,0.06047542819419177,-0.011342490644389516,0.014971458352349268,-0.0574846132113338,0.91774776,0.94542296,0.33549502,0.9159797258237088,0.9467477860181727,0.3310280299863569
vacancy_O2,71,O,0.036799537837553,0.03679953783755148,-0.008315718163934279,0.009330238537269653,-0.03461215776736615,0.91774776,0.94542296,0.83549502,0.9164351130426898,0.9462485938480207,0.8327825410876865
vacancy_O2,72,O,0.05666995159976711,0.05666995159976684,-0.0018705672972029164,0.05588566275243046,-0.009207447584871555,0.08225224,0.05457704,0.16450498,0.0824934230575297,0.0595223685254354,0.1648553768369587
vacancy_O2,73,O,0.02736853982582668,0.027368539825828275,0.005250030198891644,0.0015112903697656816,0.026817720942073502,0.08225224,0.05457704,0.66450498,0.0831547877448075,0.0547107742532543,0.6667575756078917
vacancy_O2,74,O,0.05256880514427496,0.052568805144275865,0.007520729343037113,-0.04299408011213327,0.02929892454949655,0.08225224,0.55457704,0.16450498,0.0830947473779041,0.550772489059175,0.1661104400759461
vacancy_O2,75,O,0.033001198333679774,0.03300119833368123,0.01054494549429408,-0.006860534254351463,0.030509281960187165,0.08225224,0.55457704,0.66450498,0.0839663516711797,0.5539699505592239,0.6669861833141824
vacancy_O2,76,O,0.0635460761085055,0.06354607610850685,0.01393696033984756,-0.03199509625865436,0.05310535510354019,0.58225224,0.05457704,0.16450498,0.5842890592689062,0.0517457903662092,0.1683371727349897
vacancy_O2,77,O,0.027276292838891887,0.02727629283889343,0.0069869396399629925,0.0013637494929577946,0.026330951612523242,0.58225224,0.05457704,0.66450498,0.5834469265222781,0.0546977183446221,0.6667502279290537
vacancy_O2,78,O,0.054317700158173575,0.05431770015817503,0.012606880445751863,-0.019352244567277216,0.0491626865224859,0.58225224,0.55457704,0.16450498,0.5841903162396989,0.5528645577214285,0.1682516778809655
vacancy_O2,79,O,0.033034259436032117,0.033034259436033726,0.004185344769223698,-0.00670280283708499,0.03207518697961215,0.58225224,0.55457704,0.66450498,0.5828928864534777,0.553983908229917,0.6669883562171011
vacancy_O3,1,Ga,0.016535868828431187,0.016535868828431038,0.00015089527888953927,0.016496662218118702,0.0011279734869140722,0.32941915,0.15736517,0.15883829,0.3296091904572809,0.158824961478239,0.1592594623347917
vacancy_O3,2,Ga,0.017990905857286753,0.0179909058572868,0.002929058851658688,-0.017681576816621396,-0.0015668915365120357,0.32941915,0.15736517,0.65883829,0.3297379325586643,0.1558005252968805,0.6584192001101786
vacancy_O3,3,Ga,0.025524496559953466,0.0255244965599551,0.005932045994293496,0.00805689723384726,0.023481847498098837,0.32941915,0.65736517,0.15883829,0.3305022708794791,0.6580781257341667,0.160971186544621
vacancy_O3,4,Ga,0.03363117423711958,0.03363117423711778,0.0023172364894247805,-0.010178768419867998,-0.03196996980095775,0.32941915,0.65736517,0.65883829,0.3297093398020272,0.6564644496480994,0.6561540211621425
vacancy_O3,5,Ga,0.0209776143912554,0.020977614391257195,0.004763264472123648,0.0021167056430932956,0.020319723776109324,0.82941915,0.15736517,0.15883829,0.8302454522213458,0.1575524775182648,0.1605798600892878
vacancy_O3,6,Ga,0.017940890699353798,0.017940890699354155,-0.0034337676203293485,-0.01760911722373783,6.155986037856494e-05,0.82941915,0.15736517,0.6588383,0.8286630715788368,0.1558069372543304,0.6584245620095746
vacancy_O3,7,Ga,0.011534142243864974,0.011534142243866667,0.0026728209732772112,-0.00576506438670392,0.009625824534226522,0.82941915,0.65736517,0.15883829,0.8298134694281387,0.6568550188099026,0.1595364700878395
vacancy_O3,8,Ga,0.03363892447236402,0.033638924472362705,-0.01689499616462125,-0.010271787475316853,-0.02721445803826855,0.82941915,0.65736517,0.6588383,0.8264607415753139,0.6564562183815157,0.6561512062293487
vacancy_O3,9,Ga,0.042594285499535894,0.04259428549953609,-0.0031627156895983836,0.04136560969409789,0.009651772962430983,0.17058085,0.34263483,0.3411617,0.1704587872314143,0.3462952774120396,0.3426876135274248
vacancy_O3,10,Ga,0.02171796436220104,0.02171796436219921,-0.004582002315587586,0.006865799507229897,-0.020088206190305463,0.17058085,0.34263483,0.8411617,0.1698747775197467,0.3432423853635901,0.8396211603317743
vacancy_O3,11,Ga,0.034149419520349326,0.034149419520350076,0.01372677694873373,-0.029058391981238395,0.01154851954326957,0.17058085,0.84263483,0.3411617,0.1726114293120792,0.8400634496550142,0.3417639962940562
vacancy_O3,12,Ga,0.004634736985229301,0.004634736985227446,-0.0009564228608262653,0.00017406725747701285,-0.004531637984592164,0.17058085,0.84263483,0.8411617,0.1704209106489787,0.842650233231014,0.8407882656856358
vacancy_O3,13,Ga,0.04274821484734739,0.042748214847347386,0.006487704555945431,0.04163621685223656,0.007193400340817167,0.67058085,0.34263483,0.3411617,0.6720928106428362,0.3463192234696225,0.342687993731889
vacancy_O3,14,Ga,0.014967785651679819,0.014967785651678072,-0.0028244736471591723,0.00719351863517331,-0.012818355806284112,0.67058085,0.34263483,0.8411617,0.6701751419118402,0.3432713852657462,0.8402367247778506
vacancy_O3,15,Ga,0.034232817754811386,0.03423281775481266,-0.007029621747614631,-0.029034086303449745,0.016718016091735066,0.67058085,0.84263483,0.3411617,0.6691029726329758,0.8400656004671506,0.3417659442288556
vacancy_O3,16,Ga,0.0045563568545432575,0.004556356854542276,-0.000233988086828147,0.004214168743917421,-0.0017165136640721358,0.67058085,0.84263483,0.8411617,0.6705833271085363,0.8430077422618195,0.8411055116688978
vacancy_O3,17,Ga,0.027164069327090028,0.027164069327088307,-0.005842997480475391,0.013195129260511215,-0.02301379166170622,0.0452367,0.397393,0.09047439,0.0443805934907845,0.3985606384588635,0.0888041548948437
vacancy_O3,18,Ga,0.017257723747260714,0.017257723747261648,0.002550352303299897,0.013377554483552883,0.010600272076952822,0.0452367,0.397393,0.59047439,0.0458012399419575,0.3985767812871818,0.5916290273429949
vacancy_O3,19,Ga,0.022239349082142822,0.022239349082144148,0.005051444869544981,0.012417507194860433,0.017744775777478926,0.0452367,0.897393,0.09047439,0.0462144539146179,0.8984918265956079,0.0922235812401391
vacancy_O3,20,Ga,0.012747320594264058,0.012747320594265093,0.001498159432672173,0.00949930999513393,0.00836736578999741,0.0452367,0.897393,0.59047439,0.0455846948925935,0.8982335950001702,0.5913545567511465
vacancy_O3,21,Ga,0.02723594964824602,0.02723594964824432,-0.006620502554462788,0.01325129631083027,-0.02285539422654153,0.5452367,0.397393,0.09047439,0.544249722823443,0.3985656086874061,0.0888025446139894
vacancy_O3,22,Ga,0.02986164100261052,0.029861641002612037,0.006380591294249859,0.013044983230335068,0.02609279729398326,0.5452367,0.397393,0.59047439,0.5464453934861385,0.3985473520199194,0.592921934073247
vacancy_O3,23,Ga,0.021995814586488194,0.021995814586489616,0.0029300596667176607,0.012026501562246057,0.01818224050676915,0.5452367,0.897393,0.09047439,0.5458519513563159,0.8984572264636002,0.0922087488713091
vacancy_O3,24,Ga,0.020619239115696374,0.020619239115696436,-0.0010911133156736043,-0.020441852323712865,-0.0024684341227062846,0.5452367,0.897393,0.59047439,0.5448483752255051,0.8955840982096245,0.589850140345331
vacancy_O3,25,Ga,0.012403506136273652,0.012403506136272061,-0.002197152490147287,-0.004948913517840771,-0.011159199810045125,0.4547633,0.102607,0.40952561,0.4543425303727822,0.1021690700912485,0.408501856020806
vacancy_O3,26,Ga,0.0028758176753191605,0.0028758176753172432,0.001386159648267084,0.0005847881930745528,-0.0024509001408510598,0.4547633,0.102607,0.9095256,0.4550034514337701,0.10265874797238,0.9093707503261125
vacancy_O3,27,Ga,0.3655438026027369,0.36554380260273667,-0.02648457683911135,-0.3485532130903489,-0.10691817644963605,0.4547633,0.602607,0.40952561,0.4468099323113903,0.5717634873272814,0.393603383139054
vacancy_O3,28,Ga,0.010420967708015134,0.010420967708013696,-0.00439108823464283,0.005504070909796415,-0.007682455044253653,0.4547633,0.602607,0.90952561,0.4540759185008545,0.6030940558482382,0.9089421132279664
vacancy_O3,29,Ga,0.026280051660070337,0.02628005166006934,-0.003797557703937022,-0.01979035123076182,-0.016868955773973265,0.9547633,0.102607,0.40952561,0.9539239708614115,0.1008557496139497,0.4077231606276036
vacancy_O3,30,Ga,0.002533055053614792,0.002533055053613354,-0.0014028766258200275,0.00047648629832460594,-0.0020545719468718737,0.9547633,0.102607,0.90952561,0.9545309075371678,0.1026491643256433,0.9093452213423328
vacancy_O3,31,Ga,0.04906833212820063,0.04906833212820175,0.008040207883999246,0.034081187139887045,0.03437337571670245,0.9547633,0.602607,0.40952561,0.9564623469676652,0.6056228480483665,0.4130797597435462
vacancy_O3,32,Ga,0.011019365969750228,0.011019365969748354,0.0011181224593600657,0.0054930763812731835,-0.009486956330173624,0.9547633,0.602607,0.90952561,0.9550070957634027,0.6030930829411838,0.9089073316504327
vacancy_O3,33,O,0.014272380145156029,0.014272380145154355,-0.004072928005013223,0.006580923839597305,-0.011991811118058653,0.24823457,0.12833205,0.49646912,0.247611711094034,0.1289143966840118,0.4955727632184588
vacancy_O3,34,O,0.00861202826278306,0.008612028262784432,0.002335420856186266,0.004325253165128273,0.0070714231439672655,0.24823457,0.12833205,0.99646912,0.2486724925568095,0.1287147921346329,0.9971600769250571
vacancy_O3,35,O,0.06271666227676533,0.06271666227676423,0.04006610934702436,-0.03599331563532641,-0.03213359361331621,0.24823457,0.62833205,0.49646912,0.2546484307132645,0.6251469974879649,0.4939973572513778
vacancy_O3,36,O,0.02009025042227009,0.020090250422271423,0.0034034702113069737,-0.015732882964992524,0.012021270571789458,0.24823457,0.62833205,0.99646912,0.248652983609266,0.6269398454329936,0.9971721169240683
vacancy_O3,37,O,0.014499495629181293,0.014499495629179458,-0.0007712057311936492,0.006987779742325096,-0.012681149375885424,0.74823457,0.12833205,0.49646912,0.7481738980470111,0.1289503994081884,0.4955911555226954
vacancy_O3,38,O,0.023657539013675757,0.023657539013676922,0.005183346144396181,0.015342265127930917,0.017246071311324614,0.74823457,0.12833205,0.99646912,0.7492637914178023,0.1296896887510704,0.9982398255931754
vacancy_O3,39,O,0.06254151650612551,0.06254151650612566,-0.05120585782987954,-0.034499542616741555,-0.00995906471651762,0.74823457,0.62833205,0.49646912,0.7392345511059101,0.6252791816288609,0.4939895458465506
vacancy_O3,40,O,0.021396860165447652,0.021396860165448423,0.002343112599506459,-0.020430543706830718,0.005910019638636356,0.74823457,0.62833205,0.99646912,0.7484268857611085,0.6265241489103928,0.9965746244515994
vacancy_O3,41,O,0.01841858523028535,0.018418585230283557,-0.0050740951430253605,0.0005976248426451884,-0.017695781556975643,0.25176543,0.37166795,0.00353088,0.2509136563333445,0.3717208338889312,0.0020447350083182
vacancy_O3,42,O,0.025638620222800935,0.025638620222800397,0.006947117629425266,0.024585779164707507,-0.0021484567568728127,0.25176543,0.37166795,0.50353087,0.2531849946176032,0.373843548338377,0.5039877486661867
vacancy_O3,43,O,0.025522489004094977,0.025522489004095095,0.0006665242024216717,0.024966853424787917,0.005254466720505247,0.25176543,0.87166796,0.00353088,0.2521271124918485,0.8738772796421224,0.0044572522707213
vacancy_O3,44,O,0.026398064075244122,0.026398064075243977,-0.006187361165367279,0.02565767261074439,0.0005081190115009124,0.25176543,0.87166796,0.50353088,0.2509754093663478,0.8739384103088796,0.503961489344825
vacancy_O3,45,O,0.010635567357973845,0.010635567357972284,-0.0030699750308908935,-0.003542700187047413,-0.009546717850673405,0.75176544,0.37166795,0.00353088,0.7512111520325417,0.3713544560656133,0.0026454966112183
vacancy_O3,46,O,0.025833532404477205,0.025833532404477173,-0.007545294202865539,0.024652869104142532,0.0016358413185240245,0.75176544,0.37166795,0.50353088,0.750735850300857,0.3738494851345948,0.5040039399347627
vacancy_O3,47,O,0.02850248849172857,0.028502488491728723,0.001064853446782312,0.027746130860149883,0.0064350726219245275,0.75176544,0.87166796,0.00353088,0.7522221764802403,0.8741232182121288,0.0046138107631327
vacancy_O3,48,O,0.025955310520217573,0.025955310520217073,0.00456731357465719,0.025467005458121566,-0.0020614130851553327,0.75176544,0.87166796,0.50353088,0.7527915073364478,0.8739215381512941,0.5039655408939234
vacancy_O3,49,O,0.053503181627696114,0.05350318162769594,0.02983595835324757,0.043813247535757646,0.007266730612863216,0.08668553,0.28161508,0.17337106,0.0921660346660649,0.285492119157438,0.1754045064012632
vacancy_O3,50,O,0.018106956570732965,0.018106956570731608,-0.0029467422190680007,-0.010371685931868404,-0.014546708132062245,0.08668553,0.28161508,0.67337106,0.0860839632383098,0.2806972883559617,0.6719567096040913
vacancy_O3,51,O,0.014873046414732766,0.014873046414732274,-0.004318038904943723,-0.012716211769494272,-0.006392183344018559,0.08668553,0.78161508,0.17337106,0.0858287731618972,0.7804898210032921,0.1725275220788929
vacancy_O3,52,O,0.024730203798458583,0.02473020379845732,-0.004213882088040979,-0.01536450678353738,-0.018914494678948048,0.08668553,0.78161508,0.67337106,0.0858199667042546,0.7802554730823462,0.6714870647143332
vacancy_O3,53,O,0.052962622852487325,0.052962622852488005,-0.022766994902662773,0.04337830316976318,0.020125262150569007,0.58668553,0.28161508,0.17337106,0.5832695985029804,0.2854536308820165,0.1753803707577593
vacancy_O3,54,O,0.01849042760187157,0.01849042760187093,-0.0018084318578582296,-0.016220698698253967,-0.008689903385882708,0.58668553,0.28161508,0.67337106,0.5862180489467032,0.2801797085643901,0.6723252424173687
vacancy_O3,55,O,0.014954289648249589,0.014954289648248785,0.001426689690315569,-0.01275762420184795,-0.007670616672451537,0.58668553,0.78161508,0.17337106,0.5867994594163285,0.7804861564125377,0.1725383296051236
vacancy_O3,56,O,0.010495358328235147,0.01049535832823543,0.0007633630427563068,-0.010466486656270795,0.00014993457613239375,0.58668553,0.78161508,0.67337106,0.5867101806132798,0.7806888994292938,0.6731891022152139
vacancy_O3,57,O,0.07511066396741435,0.07511066396741442,0.0033100147030726253,0.07383413843719588,0.01338565073234329,0.41331447,0.21838492,0.32662894,0.4146104007954021,0.224918511139143,0.3292245660069159
vacancy_O3,58,O,0.009433842696724596,0.009433842696724733,0.0032262183425275314,0.008505381877942733,0.0024994764138212672,0.41331447,0.21838492,0.82662894,0.413944665943409,0.2191375621903064,0.8270594171663529
vacancy_O3,59,O,0.04848311730624119,0.048483117306242385,0.005517890692356761,-0.0414921113487694,0.02446569520490648,0.41331447,0.71838492,0.32662894,0.4138333941114503,0.7147132784424399,0.3278430949293877
vacancy_O3,60,O,0.015488269245730145,0.015488269245730275,-0.0032232077697846354,0.014937005698848415,0.002526514724596748,0.41331447,0.71838492,0.82662894,0.4129185904338982,0.7197066972990246,0.8270633553293631
vacancy_O3,61,O,0.03081225931938511,0.030812259319385176,0.0014477499199566884,0.030262116923414083,0.005612808908908175,0.91331447,0.21838492,0.32662894,0.9138610256945906,0.2210628180992744,0.3277045821594989
vacancy_O3,62,O,0.00946736508084282,0.009467365080843414,-0.0025115962054822884,0.008394664230820238,0.003585038148523314,0.91331447,0.21838492,0.82662894,0.9129736311514269,0.219127764773373,0.8270304674574862
vacancy_O3,63,O,0.012573014806936154,0.012573014806937056,0.0015639832390054469,0.009967554378238153,0.007502167518819739,0.91331447,0.71838492,0.32662894,0.9136782619990891,0.719266949997817,0.327451358970253
vacancy_O3,64,O,0.01581223691140929,0.015812236911409,0.0038586966297461736,0.015321193903556712,0.0006311210911761809,0.91331447,0.71838492,0.82662894,0.9141195601149372,0.7197406941560771,0.8270601185079512
vacancy_O3,65,O,0.03995876282352796,0.03995876282352611,-0.008819886240524443,0.00642763071906702,-0.038439535590721254,0.41774776,0.44542296,0.83549501,0.41632093780619,0.4459917417586915,0.8324122548062644
vacancy_O3,66,O,0.039303505656028595,0.03930350565602682,-0.009458791746577494,-0.003599546084499589,-0.03797815271355063,0.41774776,0.94542296,0.33549502,0.4161129279601611,0.9451044357658123,0.3322361819610647
vacancy_O3,67,O,0.03368833353844973,0.03368833353844791,-0.007998050292134675,0.008394022075435395,-0.031630292466547034,0.41774776,0.94542296,0.83549501,0.4164794746460007,0.9461657479489715,0.8330057516402802
vacancy_O3,68,O,0.04398778845282567,0.04398778845282415,-0.008581777526500087,0.02953016833933129,-0.03145230969749001,0.91774776,0.44542296,0.33549502,0.9165916060342999,0.448036087887493,0.3334299910759008
vacancy_O3,69,O,0.04027988183093741,0.040279881830935574,-0.009487757314670804,0.006355261950925205,-0.038627218214455555,0.91774776,0.44542296,0.83549502,0.9162073178896782,0.4459853378383331,0.8323828891448702
vacancy_O3,70,O,0.04285184146905456,0.04285184146905288,-0.009959544034896455,-0.010838279247628273,-0.040244496553643566,0.91774776,0.94542296,0.33549502,0.9159560828984453,0.9444638794614482,0.3319028510622637
vacancy_O3,71,O,0.03385245856709664,0.0338524585670948,-0.00717729632858174,0.008377371658380687,-0.03200460923907613,0.91774776,0.94542296,0.83549502,0.9166180503109437,0.9461642745517106,0.8329919437062956
vacancy_O3,72,O,0.05080489213379226,0.050804892133793716,0.016517580916360873,0.019982898472123676,0.04369199416427091,0.08225224,0.05457704,0.16450498,0.0852437052289463,0.0563453289128979,0.1686806492295852
vacancy_O3,73,O,0.043154404561295316,0.04315440456129711,0.010154373616234223,0.002071786132814202,0.041891515032544555,0.08225224,0.05457704,0.66450498,0.0839894170269811,0.0547603725857939,0.668056269711992
vacancy_O3,74,O,0.051849890823066284,0.051849890823068054,0.015383633948289706,-0.013241169341421763,0.04771191066579599,0.08225224,0.55457704,0.16450498,0.0847206537264737,0.5534053274492455,0.1683133798489648
vacancy_O3,75,O,0.032631442726260514,0.03263144272626229,0.007708686671664529,0.003917003524264708,0.031464969213179525,0.08225224,0.55457704,0.66450498,0.0835943973463288,0.5549236560784133,0.6672210703173225
vacancy_O3,76,O,0.05096240139150208,0.05096240139150372,0.0053862874931646845,0.01979641112618026,0.04665036301201701,0.58225224,0.05457704,0.16450498,0.5833601913291094,0.0563288266268713,0.168692418634161
vacancy_O3,77,O,0.031188519133951768,0.0311885191339535,0.006481456037713806,-0.014948962931974289,0.02659403994617263,0.58225224,0.05457704,0.66450498,0.5831987804758786,0.0532542046040835,0.6664357098859292
vacancy_O3,78,O,0.05149648599459388,0.051496485994595755,0.009152151568372194,-0.01290285987689257,0.04900655464790822,0.58225224,0.55457704,0.16450498,0.583670646897287,0.5534352644914664,0.1683002290891146
vacancy_O3,79,O,0.06575198505030305,0.06575198505030488,0.015897663917848012,-0.0027956034863591767,0.06373988093146807,0.58225224,0.55457704,0.66450498,0.5849117272755285,0.5543296567359213,0.6697985593136306
