structure,defect_atom_number,reference_atom_number,element,initial_distance_to_vacancy_A,relaxed_distance_to_vacancy_A,distance_change_A,total_displacement_A,radial_projection_A,motion_relative_to_vacancy,dx_A,dy_A,dz_A
vacancy_O1,29,29,Ga,1.8437517434761168,1.6170186050112823,-0.22673313846483456,0.22735688255237016,-0.2268099481456449,toward,0.21687240029037314,0.03409165844077974,0.059120832715563225
vacancy_O1,25,25,Ga,1.8437566060950679,1.61732674602513,-0.22642986006993793,0.2270813442491039,-0.2265099832743009,toward,-0.16411493475580025,0.034094136084255516,0.15319861285516825
vacancy_O1,2,2,Ga,1.9415218622702992,2.0006064370610446,0.05908457479074536,0.05926084050303457,0.059079202654761916,away,0.013886343027014015,0.014553007681942816,0.05574250318985966
vacancy_O1,41,42,O,2.811797771390482,2.7441263725169094,-0.06767139887357265,0.06768004293446338,-0.06767160692305008,toward,0.003383653727577025,-0.06596527542386911,0.014755390110591793
vacancy_O1,77,78,O,2.856434696592228,2.8117787807744388,-0.04465591581778927,0.046527598536958134,-0.04468578987867511,toward,-0.033037071299277965,0.0008054881933510633,-0.032752412649347605
vacancy_O1,73,74,O,2.856436411125609,2.809534899913488,-0.04690151121212116,0.04897873840094665,-0.046936373717826434,toward,0.013342224861726277,0.0007452531274930098,-0.04712055229794597
vacancy_O1,49,50,O,2.894537459007019,2.8485277992862117,-0.046009659720807505,0.046298274681077806,-0.04601426174292558,toward,0.017406492826210623,-0.02349618875163257,-0.03589531111556583
vacancy_O1,53,54,O,2.8945374684019773,2.8495078627268886,-0.045029605675088735,0.04537576520806749,-0.04503501149230569,toward,-0.03209727743385256,-0.02251102975395275,-0.022846846368123144
vacancy_O1,70,71,O,2.9591834985424406,2.931608067279255,-0.027575431263185735,0.034744174729405136,-0.027650917164700882,toward,0.016525326876677928,0.02933273266570803,-0.008582659471777134
vacancy_O1,66,67,O,2.959184921510325,2.9313658547626136,-0.027819066747711396,0.03433723942256989,-0.0278875223439647,toward,-0.018085820691763704,0.029169158110373464,0.0010532408083117352
vacancy_O1,56,57,O,2.9681324285791124,2.949358195501663,-0.01877423307744941,0.02718739901992052,-0.018839372158527035,toward,-0.0007561046726452154,0.010545740799532495,0.02504736158124155
vacancy_O1,60,61,O,2.9681324616171545,2.9491026349557594,-0.019029826661395077,0.02750911753928725,-0.01909630234099138,toward,0.012440343348800906,0.010575645288035493,0.022139221573847602
vacancy_O1,43,44,O,3.008053725936761,2.9787314018994797,-0.029322324037281078,0.029335148659770768,-0.029322449078255753,toward,-0.0023085050017413707,0.02805510996326624,-0.008254244756295107
vacancy_O1,36,37,O,3.04756735,3.047398823336317,-0.0001685266636828331,0.04472253028735692,-0.0004966697503438866,toward,-0.010425072122592676,-0.01719529254588858,-0.039946770843255985
vacancy_O1,11,11,Ga,3.4161358078546713,3.4108493465727223,-0.005286461281948984,0.021299100207714267,-0.005348769255155576,toward,-0.004198104851727645,0.01179237078592316,-0.017232747214517504
vacancy_O1,22,22,Ga,3.4256070204024596,3.4366264396376396,0.011019419235180017,0.01639203297817301,0.0109979236076891,away,-0.005183579683044794,0.01511668661970429,-0.003648976907119295
vacancy_O1,18,18,Ga,3.425609658281727,3.4366218199243534,0.011012161642626417,0.016011241874480827,0.010992443668921893,away,0.0023767600997680787,0.014846984866626322,-0.005502537429354542
vacancy_O1,9,9,Ga,3.4810126245042325,3.4899683479601205,0.00895572345588791,0.016996143026022377,0.008925751732475314,away,-0.003605758699593759,-0.004176486278152417,-0.016075582239213532
vacancy_O1,24,24,Ga,3.5142968824202465,3.5244989271917966,0.010202044771550067,0.01787274281729235,0.01017140518339198,away,-0.0030511522380334967,-0.01739069000530063,-0.0027729599659849493
vacancy_O1,20,20,Ga,3.5142996289441046,3.5247858885700896,0.010486259625984928,0.01807001966886526,0.010455447801048774,away,0.0013160294976269059,-0.017629336074985985,-0.00374168234217591
vacancy_O1,6,6,Ga,3.613471270132843,3.5760772296453847,-0.0373940404874582,0.07049239530579383,-0.03788814480779318,toward,-0.016787561830127348,-0.008931308721125485,-0.0678792110168931
vacancy_O1,57,58,O,3.9389592491799843,3.9582290551656683,0.019269805985683952,0.019646788198127287,0.019267943709021434,away,0.004397340987126018,0.0012828070111765102,0.0191053417901144
vacancy_O1,72,73,O,3.9611839565645415,3.9339588893467674,-0.027225067217774068,0.032773995936202054,-0.027267091335850605,toward,0.006839330891172024,-0.012031901608112336,0.029708445033019698
vacancy_O1,45,46,O,4.146549539805732,4.162737156295722,0.01618761648999012,0.028356616908209877,0.016122253856594954,away,0.002214424550744744,0.026166914233792814,0.010699843263775606
vacancy_O1,47,48,O,4.28206200009544,4.285223573552834,0.0031615734573939847,0.008721488878089068,0.0031538588538316146,away,0.0019641582607568065,-0.0022726902866297364,0.008187876979925318
vacancy_O1,1,1,Ga,4.5048894458060795,4.473167200079201,-0.03172224572687821,0.036293410828032543,-0.03175675387622736,toward,0.007108085343314319,-0.016506112967156122,0.0315314926224559
vacancy_O1,5,5,Ga,4.504889468728346,4.473144491500218,-0.03174497722812841,0.036601743816661335,-0.031781819871385564,toward,0.007586615760072633,-0.016426879076970165,0.0318164824504552
vacancy_O1,15,15,Ga,4.577952543752583,4.529604067469278,-0.048348476283305075,0.07257362192915334,-0.04866841793986439,toward,-0.001800937554735195,0.07209294218861541,-0.008142168656358514
vacancy_O1,13,13,Ga,4.62656630327798,4.603529098209648,-0.023037205068331623,0.03174562285557244,-0.023088762932401308,toward,0.004417199267013555,-0.02665802470426043,0.01666201188304638
vacancy_O1,10,10,Ga,4.629752901237397,4.633467998288984,0.00371509705158779,0.006729024947363862,0.0037116975363967013,away,-0.0034272332185635835,0.005783802714802873,0.00028543889724149573
vacancy_O1,14,14,Ga,4.629752928295366,4.63355672532149,0.0038037970261246556,0.007266611851376341,0.003799656980578667,away,0.0033668647329754844,0.006211118045567724,-0.0016999653797745388
vacancy_O1,48,49,O,4.721365702467742,4.725191829747313,0.00382612727957099,0.019991609855196265,0.003785352508146151,away,-0.0020802116761101967,-0.016865950262348484,-0.01052981033698814
vacancy_O1,68,69,O,4.828167776108235,4.843783858974398,0.01561608286616245,0.025550143812087332,0.015573732659654808,away,-0.008574809594461184,-0.00034287482021076797,-0.024065845634316414
vacancy_O1,64,65,O,4.8281687757807,4.844012068642284,0.015843292861584146,0.025523566151304883,0.015801823464076537,away,-0.0026303473603671063,-0.0003553220220814749,-0.025385181663806742
vacancy_O1,65,66,O,4.861646341072258,4.824162353517627,-0.03748398755463089,0.049382995048866486,-0.03759029216879687,toward,-0.011566909467058245,-0.006063389227005608,-0.04762480568421337
vacancy_O1,50,51,O,4.939623116921183,4.9620180456125,0.022394928691316984,0.022705840347001353,0.022393509316352433,away,-0.003421680475730311,-0.015505467690708782,-0.016230457796313283
vacancy_O1,58,59,O,4.968690608420554,4.952206468467096,-0.016484139953458765,0.01738530724550979,-0.01648721139022358,toward,0.0011173299710417986,0.01693496715715088,0.003769266393186861
vacancy_O1,62,63,O,4.968690752084976,4.952198729826935,-0.01649202225804114,0.017487417058650454,-0.016495425866647102,toward,0.0005497232338951884,0.01700330034058572,0.004049115616666476
vacancy_O1,61,62,O,4.980267741693123,4.952487843732648,-0.02777989796047553,0.03531688734671743,-0.02782764236156192,toward,-0.008202568911441508,-0.004462795396273907,-0.03406000370470883
vacancy_O1,76,77,O,4.99786305924463,4.990108267904866,-0.007754791339764644,0.015810308587557772,-0.00777378236319623,toward,0.0022269364774463105,-0.010507693924995256,0.01160150765796583
vacancy_O1,19,19,Ga,5.069816715914484,5.069280490460011,-0.0005362254544722944,0.0012272162264293676,-0.0005363456286323941,toward,-0.00047441389589379017,-0.00044791261063967903,0.0010394062800581686
vacancy_O1,67,68,O,5.106755295450216,5.0528356486779495,-0.05391964677226646,0.055040542608493954,-0.05393160475884591,toward,-0.013331972183236993,0.011783572881542047,-0.052085192314977775
vacancy_O1,79,80,O,5.12882649630583,5.133803710438643,0.004977214132813046,0.04643543637555458,0.004769420294163927,away,0.006307414137320106,-0.0018186673425865344,0.04596910622783002
vacancy_O1,75,76,O,5.128827331134416,5.13358674163265,0.004759410498233585,0.046468313671291825,0.004551112182730105,away,0.01615461454588582,-0.001973446962102488,0.043525143439340774
vacancy_O1,26,26,Ga,5.151951362158152,5.182185862841516,0.030234500683364196,0.030726510310664142,0.030231589805313056,away,0.007465134051261479,-0.007182780938487023,0.02892745871067408
vacancy_O1,55,56,O,5.242586340240247,5.247948143128575,0.005361802888327993,0.011449394001850416,0.005352042467980393,away,-0.0025526846197696886,-0.010724738233726461,-0.0030906979890706547
vacancy_O1,51,52,O,5.242586452507109,5.247807551473634,0.005221098966524451,0.011276379863114134,0.005211571525318826,away,0.0018261625710753898,-0.010504120192823348,-0.0036722380173362995
vacancy_O1,52,53,O,5.61951606163314,5.613962204044313,-0.005553857588827427,0.017362168971896588,-0.005577934357568422,toward,0.0005344450436487675,-0.01734777844819512,0.0004624530423131938
vacancy_O1,69,70,O,5.737879653285681,5.699343636561163,-0.03853601672451834,0.0635599810950462,-0.03875864657789377,toward,-0.014892566775558095,-0.0035313166043838937,-0.06168964625184502
vacancy_O1,54,55,O,5.8040969992076015,5.802677249411306,-0.0014197497962955552,0.0030712224607243894,-0.0014203887172099883,toward,0.0008231996948020339,0.002933515755514518,-0.0003863094328176558
vacancy_O1,34,35,O,5.817410119999999,5.799352087232276,-0.018058032767722665,0.018078862359240284,-0.01805809746290201,toward,0.0017091157531796653,-0.01762733297458302,0.0036333620449614332
vacancy_O1,23,23,Ga,5.915292794518621,5.915053196753066,-0.00023959776555493306,0.000700754714757021,-0.00023963442055309196,toward,-0.0005500059761720279,-0.0003492432098746013,0.00025803057335465837
vacancy_O1,71,72,O,5.9469831838520095,5.893579102297159,-0.053404081554850436,0.06398813219935902,-0.05350854503635184,toward,-0.015525294771892564,0.013150983058392383,-0.0606671074735426
vacancy_O1,30,30,Ga,5.985837684616333,5.976566975198235,-0.00927070941809749,0.012349138520751713,-0.00927626880448467,toward,-0.0023870718350372197,0.006736003677766041,-0.010071214659225978
vacancy_O1,31,31,Ga,6.059290285226988,6.064274946446717,0.00498466121972907,0.017416660001983757,0.004961680541708604,away,-0.005191772876290559,-0.002346827257239863,-0.01645836996334663
vacancy_O1,27,27,Ga,6.059291866474142,6.064677042667939,0.005385176193796859,0.017550657716868458,0.005362151600344055,away,-0.0017667426143042281,-0.002287565861809144,-0.017311015257845543
vacancy_O1,16,16,Ga,6.163191468785944,6.15310937676086,-0.010082092025084144,0.01209078103157951,-0.01008570528345469,toward,-0.0010555718240698546,0.01072870009122003,-0.005474280631323902
vacancy_O1,12,12,Ga,6.163191548369885,6.153260450223657,-0.009931098146227946,0.012161475309458996,-0.009935095650679009,toward,-0.0019021179657467125,0.010888853692267608,-0.005071123565380203
vacancy_O1,3,3,Ga,6.223194702292176,6.222897505231457,-0.0002971970607186236,0.01173156479680317,-0.0003082477583957184,toward,0.0045190238302865076,-0.004694664260208686,0.009755417145710035
vacancy_O1,7,7,Ga,6.223194817831716,6.222931682069349,-0.0002631357623661401,0.011995104035455324,-0.0002746903805814734,toward,0.00018751306779718588,-0.004711629824855798,0.011029410866602585
vacancy_O1,4,4,Ga,6.261103233057955,6.264451406712501,0.003348173654546649,0.0035777534312218286,0.0033480466759042353,away,0.000776735159641073,-0.0021836592210813166,0.002725552148204738
vacancy_O1,42,43,O,6.267566114009552,6.273493949843665,0.005927835834112827,0.012665083180783155,0.005917842713016485,away,-0.003960215037844459,0.00642309535650035,-0.010171768522311674
vacancy_O1,46,47,O,6.267566219645985,6.273995990871879,0.00642977122589361,0.012620008098159155,0.006420363854495028,away,-0.002842574545560206,0.006339731084831997,-0.010535282821194253
vacancy_O1,33,34,O,6.32648587,6.318585796622227,-0.007900073377772543,0.0107223085031415,0.007904227085008661,away,-0.00673734119346394,-0.0026644563175270693,0.007904227085008661
vacancy_O1,37,38,O,6.326485880800627,6.318317071814498,-0.00816880898612915,0.0111206734437836,0.008173309109789778,away,0.010096679737311395,-0.0025436101336377046,0.0039059548913799383
vacancy_O1,17,17,Ga,6.487320275083938,6.477457517869054,-0.00986275721488461,0.010964840337521283,-0.009864526338558879,toward,0.0020489633232727523,-0.00042825833407584955,0.010763181115567623
vacancy_O1,28,28,Ga,6.546785503769208,6.5342729139029,-0.012512589866308765,0.01272252747860271,-0.012512994477111052,toward,-0.0016838814497909733,-0.008955573828759857,-0.00887834140504196
vacancy_O1,38,39,O,6.56733800626936,6.557413217054828,-0.00992478921453177,0.010758887142839088,-0.009036332462353823,toward,0.0016659699338922094,-0.010271576802739211,0.0027336617781183463
vacancy_O1,59,60,O,6.956382636468258,6.954753320771791,-0.0016293156964675148,0.014859370273440474,-0.0016449952692183722,toward,0.0018826295538747248,0.012111271486184922,0.008400815072003904
vacancy_O1,8,8,Ga,6.963410281240933,6.970268462648374,0.0068581814074404335,0.009624601656403184,0.006854907271424248,away,-0.00013494428357560689,-0.009581218698606684,-0.0009027709201335726
vacancy_O1,74,75,O,7.129824845616081,7.098009400765347,-0.031815444850733954,0.038481039451979664,-0.03184830455461457,toward,0.008743360101502482,-0.005596123583575148,0.03705438506138813
vacancy_O1,21,21,Ga,7.167494185205784,7.152447259419138,-0.01504692578664546,0.01657914240348249,-0.015050306186124894,toward,0.003262137307593331,-0.005488778283954295,0.015300318165677161
vacancy_O1,32,32,Ga,7.2213605287379945,7.212903991650149,-0.008456537087845106,0.00981744405560075,-0.008458259006323734,toward,-0.0014911981190167166,-0.005343721154760405,-0.008099579012199192
vacancy_O1,40,41,O,7.425495752344437,7.434178404289948,0.00868265194551121,0.011008258142756296,0.008679568427313185,away,-0.0024461688956466726,0.009119892334231198,-0.005659113789593039
vacancy_O1,44,45,O,7.425495758582481,7.4346361612284335,0.009140402645952506,0.011069690621984917,0.00913777715862939,away,-0.0017771686058129876,0.009091227997177065,-0.006060469925370261
vacancy_O1,35,36,O,7.541147180499477,7.526033096026207,-0.015114084473269784,0.01979430327034997,-0.015124916969213809,toward,0.0009472067589905597,-0.019767342342201497,-0.00041160422801281586
vacancy_O1,39,40,O,7.541147271214163,7.526145521068164,-0.015001750145998471,0.019860355967292964,-0.015012980614361557,toward,-0.00013483433845162427,-0.019859310548261434,-0.00015278545897960146
vacancy_O1,63,64,O,7.594664405273694,7.589734604461208,-0.0049298008124853965,0.011130772107915026,-0.004936357465045577,toward,0.00017731554739391827,0.010889535762928405,0.0022979681857882186
vacancy_O1,78,79,O,7.753841653136059,7.72731467204582,-0.026526981090239765,0.03409049764079745,-0.026556545874006396,toward,0.007728979195739843,-0.00586984398488339,0.032679807857179416
vacancy_O2,17,17,Ga,1.8717518449034618,1.5185662136308082,-0.35318563127265357,0.3612465414487466,-0.3547240225895641,toward,0.07290615894311382,-0.19908717302549542,0.29248598809782134
vacancy_O2,9,9,Ga,2.0133962410501933,2.005577056535426,-0.007819184514767485,0.04792482202809832,-0.008374377991928706,toward,-0.006325926769179192,0.041462474679989134,-0.023186944825637122
vacancy_O2,1,1,Ga,2.078660470256452,2.134658430174634,0.055997959918181905,0.05790238086816396,0.05594578348092594,away,0.04215970253588057,-0.03427931656687781,-0.020004340728845865
vacancy_O2,5,5,Ga,2.078660500144124,2.13367312006781,0.05501261992368578,0.0569887178403387,0.05495938236752924,away,-0.045695160872443824,-0.03402764976401598,0.0013361457497896557
vacancy_O2,72,73,O,2.6177781221269822,2.5611419549508256,-0.056636167176156604,0.05666995159976683,-0.05663689832710489,toward,-0.0018705672972029164,0.05588566275243046,-0.009207447584871555
vacancy_O2,56,57,O,2.657860276981849,2.596247205290069,-0.061613071691779986,0.06244433969731227,-0.06163247168767623,toward,-0.040888737762735425,0.025047175029992014,-0.040000571338676245
vacancy_O2,60,61,O,2.657860298399579,2.5960305273853916,-0.06182977101418752,0.06265084198705462,-0.061848998401359115,toward,0.017671515674582482,0.025141370224260596,-0.05459630975346716
vacancy_O2,68,69,O,2.848251582106478,2.84015598552902,-0.008095596577458064,0.04929493314815277,-0.008510667311550342,toward,-0.01631341506825335,0.01953628766630672,-0.04221606787836885
vacancy_O2,64,65,O,2.8482532911273397,2.83931333117439,-0.008939959952949827,0.048962277043103006,-0.009346767468366548,toward,-0.006652859619701938,0.019312709580813554,-0.044497901981703177
vacancy_O2,34,34,O,2.894537459007019,2.892353604768965,-0.002183854238054117,0.004042135843073433,-0.0021858527685637463,toward,0.0022948076879982945,0.0015395996381215062,0.002949975051294336
vacancy_O2,38,38,O,2.8945374684019773,2.891900650136192,-0.0026368182657852124,0.003569897800781786,-0.002637818660460943,toward,0.00039220688112381945,0.001514575173551349,0.003208801351608987
vacancy_O2,41,41,O,2.9681324285791124,2.917852298695236,-0.05028012988387642,0.06194908033214046,-0.05050073949688718,toward,-0.03747394955648494,0.01092949515932933,0.0481034073034147
vacancy_O2,45,45,O,2.968132430325873,2.917429524723301,-0.050702905602571846,0.06230874190283121,-0.05092385172134572,toward,0.05604432236165317,0.010657024369691456,0.02505675717487279
vacancy_O2,52,53,O,3.04756735,3.0481150552496894,0.0005477052496893897,0.02206251713296247,0.0004678949247087881,away,-0.0029612586817726466,-0.01689560818075951,-0.013875303004408267
vacancy_O2,74,75,O,3.2035149796140745,3.1540019607898544,-0.0495130188242201,0.052568805144275865,-0.049561706007391675,toward,0.007520729343037113,-0.04299408011213327,0.02929892454949655
vacancy_O2,30,30,Ga,3.4095529043138897,3.415021137943746,0.005468233629856378,0.010649141065736969,0.005455988237460614,away,-0.0018269327564693976,0.004111247251771187,-0.009652158731398302
vacancy_O2,21,21,Ga,3.5764652374397525,3.5939552168267435,0.017489979386990928,0.04512851595425181,0.01724802490702476,away,-0.01041349402874607,-0.00011069413072424746,-0.04391047530095585
vacancy_O2,13,13,Ga,3.652592364349704,3.649091458332626,-0.003500906017078087,0.03967686991507702,-0.0037147264365909984,toward,-0.0053866214386341016,0.03404115259567236,-0.019658032599752715
vacancy_O2,42,42,O,3.9389591305445517,3.9263474741252926,-0.012611656419259099,0.01954053377694394,-0.012639935283707132,toward,-0.004419038609572055,0.011119813849060918,-0.01544843998652393
vacancy_O2,76,77,O,4.017514057246888,4.04600719773299,0.028493140486101964,0.06354607610850685,0.02809161796644671,away,0.01393696033984756,-0.03199509625865436,0.05310535510354019
vacancy_O2,61,62,O,4.145170848714301,4.140022300187144,-0.005148548527157182,0.008430115914137405,-0.005153923372251693,toward,0.000324932215060909,0.007429289953365883,0.0039707586391299465
vacancy_O2,29,29,Ga,4.236083903070303,4.212369971443199,-0.023713931627104223,0.024452807904857772,-0.02371813235376806,toward,0.0007945667536477946,0.007022758043400789,-0.023409172295699006
vacancy_O2,25,25,Ga,4.236086029233969,4.21270195821283,-0.023384071021139263,0.024164496286552675,-0.02338845101991513,toward,-0.011221898009509772,0.006914429217445036,-0.0202529640903232
vacancy_O2,19,19,Ga,4.342217200215263,4.33274022854499,-0.009476971670272505,0.019036366092780404,-0.009508357737506927,toward,0.0036428222725775946,0.009681054089564907,0.015980934629229
vacancy_O2,31,31,Ga,4.418858114878917,4.431352792760797,0.012494677881879745,0.02037002759378006,0.012465391916810339,away,-0.002425396762085116,0.0189826821755589,-0.006979487956830819
vacancy_O2,27,27,Ga,4.41886029244835,4.431375227235624,0.012514934787273724,0.020100278661493304,0.012486941414191178,away,-0.00043802327739513394,0.01868290911821119,-0.007401232651309126
vacancy_O2,78,79,O,4.421557006262276,4.398679383531175,-0.022877622731100722,0.05431770015817503,-0.02315207660845882,toward,0.012606880445751863,-0.019352244567277216,0.0491626865224859
vacancy_O2,14,14,Ga,4.565969535365657,4.525853762627167,-0.04011577273848932,0.047962010402879764,-0.04019144989907186,toward,0.0234682298234702,0.01978728593735561,0.03685186489273045
vacancy_O2,10,10,Ga,4.565969541880733,4.52572484708575,-0.04024469479498283,0.04811580984193756,-0.040320855585286225,toward,-0.0039512591866191545,0.019860902032633677,0.04364703057523822
vacancy_O2,26,26,Ga,4.573044554398728,4.584414643753332,0.01137008935460404,0.018745683612299443,0.011345803376244275,away,-0.004057825172719276,0.00047400174279324547,-0.018295082161824437
vacancy_O2,7,7,Ga,4.673066210176493,4.610863371478498,-0.0622028386979947,0.06316570801130247,-0.06221575457817407,toward,0.01664713843453822,-0.06082474728645608,0.003623474582385745
vacancy_O2,3,3,Ga,4.673066328650409,4.6108060085781375,-0.062260320072271114,0.06326567546383334,-0.06227382279484408,toward,-0.012641630713626208,-0.06102186400841466,0.010911781602191927
vacancy_O2,33,33,O,4.721365702467742,4.7088183028736355,-0.012547399594106778,0.012655811414263987,-0.012547688951693182,toward,-0.0023986514617357056,0.00611743893255636,-0.010816329073441298
vacancy_O2,35,35,O,4.939623116921183,4.929641111925668,-0.009982004995515048,0.013468706063300218,-0.009990281499343364,toward,0.0007310413360072485,-0.013417189574405013,0.0009223044557553726
vacancy_O2,69,70,O,4.96104371096425,5.029262110122062,0.06821839915781158,0.07141163170056353,0.06817346192439187,away,-0.01738255414166995,0.005714464915278261,-0.0690276237775928
vacancy_O2,43,43,O,4.968690508353271,4.928775740603167,-0.03991476775010394,0.042035333020239186,-0.039932255309179834,toward,-0.0032543214386505214,0.041908905160326755,0.00014927276740245012
vacancy_O2,47,47,O,4.968690633325308,4.928930567778143,-0.03976006554716527,0.04206345724244731,-0.03977903147166876,toward,0.0022557782351397887,0.04198395655775024,-0.0012622565103828215
vacancy_O2,71,72,O,4.979298394327862,4.995298951417971,0.01600055709010917,0.03679953783755148,0.0158902816987888,away,-0.008315718163934279,0.009330238537269653,-0.03461215776736615
vacancy_O2,46,46,O,4.980267704395262,4.970023452876519,-0.010244251518742864,0.013841181779529784,-0.010252949206196314,toward,-0.004031229122941446,-0.0007510084463104549,-0.013219814337800147
vacancy_O2,70,71,O,5.029093163012888,4.983077171907158,-0.046015991105730514,0.06047542819419177,-0.04616908093006988,toward,-0.011342490644389516,0.014971458352349268,-0.0574846132113338
vacancy_O2,66,67,O,5.029094008485333,4.9828844610945735,-0.04620954739075955,0.06045372756568895,-0.04636060152734535,toward,-0.01778541465474989,0.014873778366684397,-0.0558310211194807
vacancy_O2,57,58,O,5.144910870686311,5.130719051183826,-0.014191819502484826,0.023106802948444104,-0.014224134600849116,toward,0.002852006245506801,0.01814534315932172,0.01401916276046012
vacancy_O2,22,22,Ga,5.204832813457168,5.210667428493003,0.0058346150358348225,0.007995814811471533,0.005831743635067296,away,0.0010339195478650178,-0.0029857050558528275,0.0073450411971169366
vacancy_O2,18,18,Ga,5.204834541697842,5.210854412704474,0.006019871006631483,0.007927126720121873,0.006017315642875364,away,0.0013522154686631286,-0.00316622759650824,0.007140437953675388
vacancy_O2,62,63,O,5.209317309467842,5.227013523970766,0.0176962145029238,0.019521715035121026,0.017689693365302753,away,0.003261547606737146,0.019158640853537023,0.001845574644017339
vacancy_O2,58,59,O,5.209317416744365,5.226785003293568,0.017467586549202885,0.019362716341330292,0.017460887187398202,away,-0.002098600137772915,0.018921239764301965,0.0035351587458495814
vacancy_O2,40,40,O,5.242586340240247,5.254754970406504,0.01216863016625691,0.012267110067711116,0.012168400658420732,away,-0.006202771630378808,0.009300526798970593,-0.005050526188065661
vacancy_O2,36,36,O,5.242586452507109,5.256418437411966,0.013831984904856931,0.014135063641682854,0.013831176504476704,away,0.004647450860991203,0.010659827113466962,-0.008035503130488552
vacancy_O2,23,23,Ga,5.304950292701635,5.337324467739198,0.03237417503756301,0.04246972043219451,0.032302959483924046,away,0.0033584656247898936,-0.03956450353128849,0.015068109455353872
vacancy_O2,32,32,Ga,5.495883403287233,5.476162266890241,-0.019721136396992023,0.0203760232000741,-0.01972352537604623,toward,0.003506266721510452,-0.01681768204707543,0.010956914971426176
vacancy_O2,37,37,O,5.61951606163314,5.593106788884,-0.026409272749140733,0.03136635782413503,-0.026434755256250716,toward,-0.006724190455606447,0.012680399196506273,-0.027889803550503023
vacancy_O2,39,39,O,5.8040969992076015,5.798045050431331,-0.006051948776270244,0.014747706032392316,-0.006067529903638974,toward,0.001999686937852073,-0.013361672549405209,0.005912849740261951
vacancy_O2,50,51,O,5.817410119999999,5.811401702567675,-0.0060084174323238315,0.012178404571115176,-0.006018061969630649,toward,-0.0015075850518635292,-0.008359739322962152,-0.008726710930314867
vacancy_O2,65,66,O,5.822339080635872,5.832552725780138,0.010213645144266259,0.014055946020902394,0.010205637102297492,away,-0.0031957191760578537,-0.0025136151327559662,-0.013455063599057352
vacancy_O2,67,68,O,5.837901043703689,5.853058673878492,0.015157630174803316,0.03575169448951617,0.015067835067065998,away,-0.008239173783823946,0.006765498456800374,-0.034125176993866
vacancy_O2,12,12,Ga,5.927605563547033,5.9233933426501295,-0.004212220896903318,0.006037322980098238,-0.004213798807553201,toward,-0.0029159585970751807,0.005194392239752934,-0.0009822135642313838
vacancy_O2,16,16,Ga,5.927605662409067,5.9232366624879065,-0.004368999921160466,0.006325050096502581,-0.004370764385566136,toward,0.0022842520624407046,0.005389513789471569,-0.0023961620044559793
vacancy_O2,11,11,Ga,5.944743682676242,5.93412397961097,-0.010619703065271935,0.014188344830523735,-0.01062714922616136,toward,-0.0033715265864926384,0.003688224048952513,-0.013279267331865536
vacancy_O2,28,28,Ga,6.28429950299948,6.2906763229892295,0.006376819989749372,0.01187098193492269,0.00636884325511907,away,-0.0021220066380094604,-0.002677322472856002,-0.011368783765374592
vacancy_O2,79,80,O,6.298439303913437,6.321236081848547,0.02279677793511059,0.033034259436033726,0.0227514040587676,away,0.004185344769223698,-0.00670280283708499,0.03207518697961215
vacancy_O2,75,76,O,6.298439977184217,6.321356963834724,0.022916986650506566,0.03300119833368123,0.022872222326614965,away,0.01054494549429408,-0.006860534254351463,0.030509281960187165
vacancy_O2,49,50,O,6.32648587,6.324996320740742,-0.0014895492592579274,0.009618820203898953,-0.0014966861553926604,toward,0.0012713226404931293,-0.00941622915030004,-0.0014966861553926604
vacancy_O2,53,54,O,6.326485880800627,6.324877380292405,-0.0016085005082215886,0.009625081485232322,-0.0016156178021967322,toward,-0.0014978474148956559,-0.009451267857305398,-0.0010354625094701805
vacancy_O2,2,2,Ga,6.460160836349113,6.465692992774095,0.005532156424981949,0.012126212034014436,0.005523144245059811,away,0.0016890182735337857,0.009335376712339862,0.007552680133849711
vacancy_O2,4,4,Ga,6.500201106367822,6.496488070198598,-0.0037130361692234715,0.006373801890864111,-0.0037151006217305397,toward,-0.00013171601632690634,-0.006342654430777305,0.0006154154749166653
vacancy_O2,54,55,O,6.56733800626936,6.5393964566616445,-0.02794154960771511,0.03226178138329677,-0.02796135156882274,toward,-2.0969478614657254e-05,-0.03225549974965543,0.0006362658285493205
vacancy_O2,15,15,Ga,6.680392596313136,6.666386665481448,-0.014005930831688218,0.021630284208594416,-0.014026266694629096,toward,-0.005196237042683816,0.00509080509998859,-0.020370371105474235
vacancy_O2,44,44,O,6.9563825405590425,6.941291252829102,-0.015091287729940284,0.01618611866206,-0.015093749028738385,toward,-0.0026309056589552187,0.014363720809823736,-0.0069822845296794505
vacancy_O2,6,6,Ga,7.1429228265729074,7.138237641007288,-0.004685185565619143,0.00702699239658516,-0.004687105484047344,toward,-0.0011470099596762424,0.00569071210180056,-0.003959644689677322
vacancy_O2,8,8,Ga,7.17915603163921,7.180971900012328,0.0018158683731179792,0.01705799161553109,0.0017958327520284814,away,0.002678379510320603,-0.011644780506853275,0.012173760639236905
vacancy_O2,77,78,O,7.2978334918839955,7.322313108442845,0.02447961655884967,0.027276292838893434,0.024469699607174572,away,0.0069869396399629925,0.0013637494929577946,0.026330951612523242
vacancy_O2,73,74,O,7.29783415733052,7.3225040149241964,0.024669857593676348,0.027368539825828278,0.02466023589664408,away,0.005250030198891644,0.0015112903697656816,0.026817720942073502
vacancy_O2,63,64,O,7.365662902928443,7.363078217871107,-0.0025846850573358893,0.015661077658049846,-0.0026008810711728872,toward,0.0026563525279472287,0.009718011065074889,0.011990554849456233
vacancy_O2,51,52,O,7.541147180499477,7.530131031803595,-0.011016148695881967,0.011602104680770728,-0.011017027428295172,toward,-0.0030207574766219747,-0.009000440352453936,-0.006669027721708265
vacancy_O2,55,56,O,7.541147271214163,7.530328412007156,-0.010818859207006426,0.011629075549056444,-0.010820065103331913,toward,0.00015960561677660036,-0.008794265448917829,-0.007607287255436451
vacancy_O2,48,48,O,7.594664292966615,7.575612459213232,-0.01905183375338293,0.021153925942241122,-0.019057397937007708,toward,-0.004080644573334996,0.01536996994066682,-0.013949944324581801
vacancy_O2,24,24,Ga,7.709699202893294,7.707894694240757,-0.0018045086525368959,0.005456484502630893,-0.0018062283675960653,toward,0.0010301119538083789,0.005257153496448388,0.001036546962203193
vacancy_O2,20,20,Ga,7.709700449500589,7.708308473329851,-0.001391976170738829,0.005880659871751864,-0.0013940932804153638,toward,-0.0017576666570557967,0.00527612632573917,0.001911873281561577
vacancy_O2,59,60,O,7.971239410115416,7.979475140428422,0.008235730313005618,0.01823785571228833,0.008219121093686652,away,0.0011900065614288524,0.017756952278705867,0.003986716836918182
vacancy_O3,27,27,Ga,1.8384459909567614,1.473370467760497,-0.36507552319626435,0.36554380260273667,-0.36516857297469807,toward,-0.02648457683911135,-0.3485532130903489,-0.10691817644963605
vacancy_O3,13,13,Ga,1.948482812392485,1.9291569033332059,-0.019325909059279223,0.042748214847347386,-0.019698999112324683,toward,0.006487704555945431,0.04163621685223656,0.007193400340817167
vacancy_O3,9,9,Ga,1.9484852602673919,1.9299857914209488,-0.018499468846443046,0.04259428549953609,-0.018877209145440426,toward,-0.0031627156895983836,0.04136560969409789,0.009651772962430983
vacancy_O3,57,57,O,2.6177781221269814,2.548305922153184,-0.06947219997379728,0.07511066396741442,-0.06962790936443149,toward,0.0033100147030726253,0.07383413843719588,0.01338565073234329
vacancy_O3,53,53,O,2.848251582106478,2.7981115636846687,-0.05014001842180926,0.052962622852488005,-0.05019110554731276,toward,-0.022766994902662773,0.04337830316976318,0.020125262150569007
vacancy_O3,49,49,O,2.8482532911273397,2.797588066852957,-0.05066522427438258,0.05350318162769594,-0.05071712020204429,toward,0.02983595835324757,0.043813247535757646,0.007266730612863216
vacancy_O3,46,46,O,2.856434729107087,2.845036212352689,-0.011398516754397736,0.025833532404477173,-0.011492592982852809,toward,-0.007545294202865539,0.024652869104142532,0.0016358413185240245
vacancy_O3,42,42,O,2.856436297373124,2.8451551954388794,-0.011281101934244475,0.025638620222800397,-0.011373888107447971,toward,0.006947117629425266,0.024585779164707507,-0.0021484567568728127
vacancy_O3,39,39,O,2.959183498542441,2.8998636084219913,-0.05931989012044969,0.06254151650612566,-0.059386224621702205,toward,-0.05120585782987954,-0.034499542616741555,-0.00995906471651762
vacancy_O3,35,35,O,2.959184921510325,2.8993920870523966,-0.05979283445792838,0.06271666227676424,-0.0598533573188037,toward,0.04006610934702436,-0.03599331563532641,-0.03213359361331621
vacancy_O3,68,69,O,3.04756735,3.0471311744264153,-0.00043617557358466286,0.04398778845282415,-0.0007535984656247046,toward,-0.008581777526500087,0.02953016833933129,-0.03145230969749001
vacancy_O3,78,79,O,3.100500567399781,3.0554762798120954,-0.04502428758768584,0.051496485994595755,-0.04512502964262889,toward,0.009152151568372194,-0.01290285987689257,0.04900655464790822
vacancy_O3,74,75,O,3.1005035271166514,3.054898152410105,-0.04560537470654635,0.051849890823068054,-0.04570351376217437,toward,0.015383633948289706,-0.013241169341421763,0.04771191066579599
vacancy_O3,59,59,O,3.203514979614075,3.1568222058196596,-0.04669277379441539,0.048483117306242385,-0.04671936919668507,toward,0.005517890692356761,-0.0414921113487694,0.02446569520490648
vacancy_O3,21,21,Ga,3.299687381484544,3.317868961900043,0.018181580415499,0.027235949648244325,0.01811926737803401,away,-0.006620502554462788,0.01325129631083027,-0.02285539422654153
vacancy_O3,17,17,Ga,3.2996916034751713,3.3183342567169922,0.018642653241820906,0.027164069327088307,0.018583505571458037,away,-0.005842997480475391,0.013195129260511215,-0.02301379166170622
vacancy_O3,22,22,Ga,3.309044970515818,3.3334476407378824,0.024402670222064327,0.029861641002612037,0.024357909982776652,away,0.006380591294249859,0.013044983230335068,0.02609279729398326
vacancy_O3,1,1,Ga,3.53257513784147,3.5169383134022176,-0.015636824439252184,0.016535868828431038,-0.01564091843276165,toward,0.00015089527888953927,0.016496662218118702,0.0011279734869140722
vacancy_O3,31,31,Ga,3.5591489017953744,3.5815340656203505,0.02238516382497613,0.04906833212820174,0.022117318096829406,away,0.008040207883999246,0.034081187139887045,0.03437337571670245
vacancy_O3,3,3,Ga,3.6514087551713605,3.638478767005813,-0.012929988165547357,0.0255244965599551,-0.01299630713490437,toward,0.005932045994293496,0.00805689723384726,0.023481847498098837
vacancy_O3,79,80,O,3.9364877560895772,3.9980632398356293,0.06157548374605204,0.06575198505030488,0.0615079383385175,away,0.015897663917848012,-0.0027956034863591767,0.06373988093146807
vacancy_O3,41,41,O,3.961183956564541,3.979045860035572,0.017861903471030782,0.018418585230283557,0.017859354146572307,away,-0.0050740951430253605,0.0005976248426451884,-0.017695781556975643
vacancy_O3,61,61,O,4.0175140572468875,3.9990537021781285,-0.018460355068758982,0.030812259319385176,-0.018536099746492486,toward,0.0014477499199566884,0.030262116923414083,0.005612808908908175
vacancy_O3,25,25,Ga,4.296626932033142,4.296194273465578,-0.000432658567564026,0.012403506136272061,-0.00045054000961869986,toward,-0.002197152490147287,-0.004948913517840771,-0.011159199810045125
vacancy_O3,8,8,Ga,4.417069666115816,4.384760392940124,-0.03230927317569243,0.033638924472362705,-0.03231919922544275,toward,-0.01689499616462125,-0.010271787475316853,-0.02721445803826855
vacancy_O3,4,4,Ga,4.417070543759012,4.384784221672487,-0.0322863220865246,0.03363117423711778,-0.03229635693720304,toward,0.0023172364894247805,-0.010178768419867998,-0.03196996980095775
vacancy_O3,63,63,O,4.421557006262276,4.426829006956073,0.005272000693796741,0.012573014806937056,0.005257267568129309,away,0.0015639832390054469,0.009967554378238153,0.007502167518819739
vacancy_O3,18,18,Ga,4.498607906401518,4.5049861320356035,0.0063782256340854104,0.017257723747261648,0.006349644873988547,away,0.002550352303299897,0.013377554483552883,0.010600272076952822
vacancy_O3,5,5,Ga,4.665484326153437,4.657734034420393,-0.007750291733043646,0.020977614391257195,-0.007791015616893954,toward,0.004763264472123648,0.0021167056430932956,0.020319723776109324
vacancy_O3,7,7,Ga,4.756095459718543,4.74758831433932,-0.008507145379223147,0.011534142243866669,-0.008513522975649678,toward,0.0026728209732772112,-0.00576506438670392,0.009625824534226522
vacancy_O3,76,77,O,4.7818801090688945,4.75194435179605,-0.029935757272844477,0.05096240139150372,-0.030113617942005864,toward,0.0053862874931646845,0.01979641112618026,0.04665036301201701
vacancy_O3,72,73,O,4.781882156876176,4.751972663476659,-0.029909493399516762,0.050804892133793716,-0.030085842294574117,toward,0.016517580916360873,0.019982898472123676,0.04369199416427091
vacancy_O3,37,37,O,4.828167776108235,4.8163298494576425,-0.011837926650592578,0.014499495629179458,-0.01184518601577562,toward,-0.0007712057311936492,0.006987779742325096,-0.012681149375885424
vacancy_O3,33,33,O,4.8281687757807,4.8161653993161275,-0.01200337646457239,0.014272380145154355,-0.012009550626166139,toward,-0.004072928005013223,0.006580923839597305,-0.011991811118058653
vacancy_O3,15,15,Ga,4.850966265860261,4.817612428668384,-0.03335383719187668,0.03423281775481266,-0.033359960441633675,toward,-0.007029621747614631,-0.029034086303449745,0.016718016091735066
vacancy_O3,11,11,Ga,4.8509671221601804,4.817691376235192,-0.033275745924988165,0.034149419520350076,-0.03328181766132802,toward,0.01372677694873373,-0.029058391981238395,0.01154851954326957
vacancy_O3,34,34,O,4.861646424066395,4.85344065049185,-0.008205773574545105,0.008612028262784432,-0.00820647624913861,toward,0.002335420856186266,0.004325253165128273,0.0070714231439672655
vacancy_O3,54,54,O,4.96104371096425,4.958901174927207,-0.0021425360370432855,0.01849042760187093,-0.00217653144928567,toward,-0.0018084318578582296,-0.016220698698253967,-0.008689903385882708
vacancy_O3,75,76,O,4.978315058650425,5.003712808410978,0.02539774976055309,0.03263144272626228,0.025355590379665227,away,0.007708686671664529,0.003917003524264708,0.031464969213179525
vacancy_O3,56,56,O,4.979298394327862,4.97153037709113,-0.007768017236731595,0.01049535832823543,-0.007773018991064526,toward,0.0007633630427563068,-0.010466486656270795,0.00014993457613239375
vacancy_O3,45,45,O,4.997863096411162,5.005796425833572,0.007933329422409763,0.010635567357972284,0.007928309519267538,away,-0.0030699750308908935,-0.003542700187047413,-0.009546717850673405
vacancy_O3,55,55,O,5.029093163012889,5.024580411460363,-0.004512751552526062,0.014954289648248785,-0.00453296054903263,toward,0.001426689690315569,-0.01275762420184795,-0.007670616672451537
vacancy_O3,51,51,O,5.029094008485333,5.0245192335522235,-0.004574774933109538,0.014873046414732274,-0.004594686963352669,toward,-0.004318038904943723,-0.012716211769494272,-0.006392183344018559
vacancy_O3,36,36,O,5.106755407745781,5.088977448306857,-0.017777959438923574,0.020090250422271423,-0.017786532624170355,toward,0.0034034702113069737,-0.015732882964992524,0.012021270571789458
vacancy_O3,48,48,O,5.128826615778699,5.15405756105589,0.025230945277190386,0.025955310520217077,0.02522733065464624,away,0.00456731357465719,0.025467005458121566,-0.0020614130851553327
vacancy_O3,44,44,O,5.128827432498528,5.154576509197934,0.02574907669940618,0.026398064075243977,0.025745777423256903,away,-0.006187361165367279,0.02565767261074439,0.0005081190115009124
vacancy_O3,29,29,Ga,5.26769982706725,5.275997294076148,0.008297467008897996,0.02628005166006934,0.008238447590850415,away,-0.003797557703937022,-0.01979035123076182,-0.016868955773973265
vacancy_O3,24,24,Ga,5.442619008702222,5.422519105091871,-0.020099903610351078,0.02061923911569644,-0.020101846323641218,toward,-0.0010911133156736043,-0.020441852323712865,-0.0024684341227062846
vacancy_O3,38,38,O,5.737879653285681,5.718480469244707,-0.019399184040974404,0.023657539013676922,-0.01941516126791297,toward,0.005183346144396181,0.015342265127930917,0.017246071311324614
vacancy_O3,66,67,O,5.817410119999999,5.823355818607421,0.005945698607422223,0.03930350565602682,0.005815966115315857,away,-0.009458791746577494,-0.003599546084499589,-0.03797815271355063
vacancy_O3,50,50,O,5.822338967603106,5.813599029753844,-0.008739937849262525,0.018106956570731608,-0.008761533582868896,toward,-0.0029467422190680007,-0.010371685931868404,-0.014546708132062245
vacancy_O3,52,52,O,5.837900960088491,5.816993042376004,-0.02090791771248668,0.024730203798457317,-0.020922858181502167,toward,-0.004213882088040979,-0.01536450678353738,-0.018914494678948048
vacancy_O3,10,10,Ga,5.90154619260449,5.920402115484172,0.018855922879681408,0.02171796436219921,0.01884608442848354,away,-0.004582002315587586,0.006865799507229897,-0.020088206190305463
vacancy_O3,40,40,O,5.94698318385201,5.935398004476421,-0.011585179375589227,0.021396860165448423,-0.0116123872248284,toward,0.002343112599506459,-0.020430543706830718,0.005910019638636356
vacancy_O3,6,6,Ga,5.971146281957682,5.9793005453450725,0.008154263387390337,0.017940890699354155,0.008132878586582635,away,-0.0034337676203293485,-0.01760911722373783,6.155986037856494e-05
vacancy_O3,2,2,Ga,5.971147005838158,5.979335044394374,0.008188038556216526,0.0179909058572868,0.0081665494923984,away,0.002929058851658688,-0.017681576816621396,-0.0015668915365120357
vacancy_O3,30,30,Ga,5.972155796829656,5.973740229698279,0.0015844328686229758,0.002533055053613354,0.0015841058560221474,away,-0.0014028766258200275,0.00047648629832460594,-0.0020545719468718737
vacancy_O3,26,26,Ga,5.972156574247006,5.973737796538471,0.0015812222914641794,0.002875817675317243,0.0015807392110803475,away,0.001386159648267084,0.0005847881930745528,-0.0024509001408510598
vacancy_O3,32,32,Ga,6.130522609721441,6.139541199776147,0.009018590054705733,0.011019365969748354,0.00901532023071426,away,0.0011181224593600657,0.0054930763812731835,-0.009486956330173624
vacancy_O3,28,28,Ga,6.130523374145601,6.139390336180254,0.008866962034653092,0.010420967708013696,0.008864517418553496,away,-0.00439108823464283,0.005504070909796415,-0.007682455044253653
vacancy_O3,20,20,Ga,6.237771631039678,6.2483845083594165,0.0106128773197387,0.012747320594265093,0.01060888061865074,away,0.001498159432672173,0.00949930999513393,0.00836736578999741
vacancy_O3,64,64,O,6.298439303913437,6.30811611474908,0.009676810835642868,0.015812236911409,0.00966439615951156,away,0.0038586966297461736,0.015321193903556712,0.0006311210911761809
vacancy_O3,60,60,O,6.298439977184217,6.3080747979705745,0.009634820786357245,0.015488269245730275,0.009623146727927476,away,-0.0032232077697846354,0.014937005698848415,0.002526514724596748
vacancy_O3,65,66,O,6.3264857434702835,6.2880556786067405,-0.038430064863542945,0.03995876282352611,-0.038439535590721254,toward,-0.008819886240524443,0.00642763071906702,-0.038439535590721254
vacancy_O3,69,70,O,6.326485880800627,6.287915185940307,-0.03857069486032039,0.04027988183093558,-0.03858134614294603,toward,-0.009487757314670804,0.006355261950925205,-0.038627218214455555
vacancy_O3,70,71,O,6.56733800626936,6.566903113453809,-0.00043489281555064707,0.04285184146905288,-0.0005746824216127905,toward,-0.009959544034896455,-0.010838279247628273,-0.040244496553643566
vacancy_O3,14,14,Ga,6.641980468224835,6.652320536570966,0.01034006834613077,0.014967785651678072,0.010331251879829133,away,-0.0028244736471591723,0.00719351863517331,-0.012818355806284112
vacancy_O3,77,78,O,6.763652314581107,6.794147511895268,0.030495197314160727,0.0311885191339535,0.030492035807289673,away,0.006481456037713806,-0.014948962931974289,0.02659403994617263
vacancy_O3,23,23,Ga,6.823345443560065,6.820581331287149,-0.002764112272916286,0.021995814586489616,-0.0027990053870519866,toward,0.0029300596667176607,0.012026501562246057,0.01818224050676915
vacancy_O3,19,19,Ga,6.823347395021196,6.821025497995648,-0.002321897025548303,0.022239349082144148,-0.0023577443460421846,toward,0.005051444869544981,0.012417507194860433,0.017744775777478926
vacancy_O3,43,43,O,7.129824942372576,7.142847889416187,0.013022947043610955,0.025522489004095098,0.012989159377070887,away,0.0006665242024216717,0.024966853424787917,0.005254466720505247
vacancy_O3,62,62,O,7.2978334918839955,7.296822252708902,-0.0010112391750931593,0.009467365080843415,-0.0010173100450980757,toward,-0.0025115962054822884,0.008394664230820238,0.003585038148523314
vacancy_O3,58,58,O,7.29783415733052,7.297244857355001,-0.00058929997551882,0.009433842696724733,-0.0005953737031227858,toward,0.0032262183425275314,0.008505381877942733,0.0024994764138212672
vacancy_O3,73,74,O,7.418536165134357,7.44723152715428,0.0286953620199224,0.04315440456129711,0.028625342894286438,away,0.010154373616234223,0.002071786132814202,0.041891515032544555
vacancy_O3,67,68,O,7.541147096890099,9.501589797173335,1.9604427002832354,0.03368833353844791,-0.014257973507625098,toward,-0.007998050292134675,0.008394022075435395,-0.031630292466547034
vacancy_O3,71,72,O,7.541147271214163,9.5015651389944,1.9604178677802366,0.0338524585670948,-0.01425398979753788,toward,-0.00717729632858174,0.008377371658380687,-0.03200460923907613
vacancy_O3,47,47,O,7.753841766062033,7.766509331811136,0.012667565749103105,0.028502488491728727,0.012625526934801864,away,0.001064853446782312,0.027746130860149883,0.0064350726219245275
vacancy_O3,12,12,Ga,8.459392285730527,8.463408188711927,0.004015902981400643,0.004634736985227446,0.0040155865691815775,away,-0.0009564228608262653,0.00017406725747701285,-0.004531637984592164
vacancy_O3,16,16,Ga,8.991605871713814,8.995146728544778,0.0035408568309645005,0.004556356854542276,0.0035403995866820992,away,-0.000233988086828147,0.004214168743917421,-0.0017165136640721358
