structure,label,number_of_atoms,fermi_energy_eV,energy_absolute_eV,energy_minus_fermi_eV,dos_states_per_eV_per_atom
pristine,Pristine,80,4.24527174,-16.6201,-20.86537174,0.0
pristine,Pristine,80,4.24527174,-16.5067,-20.75197174,0.0
pristine,Pristine,80,4.24527174,-16.3934,-20.63867174,0.0
pristine,Pristine,80,4.24527174,-16.28,-20.52527174,0.0
pristine,Pristine,80,4.24527174,-16.1667,-20.41197174,0.0
pristine,Pristine,80,4.24527174,-16.0533,-20.29857174,0.0
pristine,Pristine,80,4.24527174,-15.9399,-20.18517174,0.0
pristine,Pristine,80,4.24527174,-15.8266,-20.07187174,0.0
pristine,Pristine,80,4.24527174,-15.7132,-19.95847174,0.0
pristine,Pristine,80,4.24527174,-15.5999,-19.845171739999998,0.0
pristine,Pristine,80,4.24527174,-15.4865,-19.73177174,0.0
pristine,Pristine,80,4.24527174,-15.3731,-19.61837174,0.0
pristine,Pristine,80,4.24527174,-15.2598,-19.505071739999998,3.125e-05
pristine,Pristine,80,4.24527174,-15.1464,-19.39167174,0.00216
pristine,Pristine,80,4.24527174,-15.0331,-19.278371739999997,0.026369999999999998
pristine,Pristine,80,4.24527174,-14.9197,-19.16497174,0.08637375
pristine,Pristine,80,4.24527174,-14.8063,-19.05157174,0.15961625
pristine,Pristine,80,4.24527174,-14.693,-18.938271739999998,0.21413500000000002
pristine,Pristine,80,4.24527174,-14.5796,-18.82487174,0.21781999999999999
pristine,Pristine,80,4.24527174,-14.4663,-18.71157174,0.19247125
pristine,Pristine,80,4.24527174,-14.3529,-18.598171739999998,0.23098125
pristine,Pristine,80,4.24527174,-14.2395,-18.48477174,0.3142375
pristine,Pristine,80,4.24527174,-14.1262,-18.37147174,0.39527999999999996
pristine,Pristine,80,4.24527174,-14.0128,-18.25807174,0.5500149999999999
pristine,Pristine,80,4.24527174,-13.8995,-18.14477174,0.8124075
pristine,Pristine,80,4.24527174,-13.7861,-18.031371739999997,0.9655825
pristine,Pristine,80,4.24527174,-13.6727,-17.91797174,1.06051875
pristine,Pristine,80,4.24527174,-13.5594,-17.80467174,1.1837425
pristine,Pristine,80,4.24527174,-13.446,-17.691271739999998,1.082915
pristine,Pristine,80,4.24527174,-13.3327,-17.577971740000002,1.2934975
pristine,Pristine,80,4.24527174,-13.2193,-17.46457174,1.3608924999999998
pristine,Pristine,80,4.24527174,-13.1059,-17.351171739999998,0.41178375
pristine,Pristine,80,4.24527174,-12.9926,-17.23787174,0.02465875
pristine,Pristine,80,4.24527174,-12.8792,-17.12447174,0.000225
pristine,Pristine,80,4.24527174,-12.7659,-17.01117174,0.0
pristine,Pristine,80,4.24527174,-12.6525,-16.89777174,0.0
pristine,Pristine,80,4.24527174,-12.5391,-16.784371739999997,0.0
pristine,Pristine,80,4.24527174,-12.4258,-16.671071740000002,0.0
pristine,Pristine,80,4.24527174,-12.3124,-16.55767174,0.0
pristine,Pristine,80,4.24527174,-12.1991,-16.44437174,0.0
pristine,Pristine,80,4.24527174,-12.0857,-16.33097174,0.0
pristine,Pristine,80,4.24527174,-11.9723,-16.21757174,0.0
pristine,Pristine,80,4.24527174,-11.859,-16.10427174,0.0
pristine,Pristine,80,4.24527174,-11.7456,-15.99087174,0.0
pristine,Pristine,80,4.24527174,-11.6323,-15.87757174,0.0
pristine,Pristine,80,4.24527174,-11.5189,-15.76417174,0.0
pristine,Pristine,80,4.24527174,-11.4055,-15.65077174,0.0
pristine,Pristine,80,4.24527174,-11.2922,-15.537471739999999,0.0
pristine,Pristine,80,4.24527174,-11.1788,-15.42407174,0.0
pristine,Pristine,80,4.24527174,-11.0655,-15.31077174,0.0
pristine,Pristine,80,4.24527174,-10.9521,-15.19737174,0.0
pristine,Pristine,80,4.24527174,-10.8387,-15.083971739999999,0.0
pristine,Pristine,80,4.24527174,-10.7254,-14.97067174,0.0
pristine,Pristine,80,4.24527174,-10.612,-14.85727174,0.0
pristine,Pristine,80,4.24527174,-10.4987,-14.74397174,0.0
pristine,Pristine,80,4.24527174,-10.3853,-14.63057174,0.0
pristine,Pristine,80,4.24527174,-10.2719,-14.51717174,0.0
pristine,Pristine,80,4.24527174,-10.1586,-14.40387174,0.0
pristine,Pristine,80,4.24527174,-10.0452,-14.29047174,0.0
pristine,Pristine,80,4.24527174,-9.9319,-14.17717174,0.0
pristine,Pristine,80,4.24527174,-9.8185,-14.06377174,0.0
pristine,Pristine,80,4.24527174,-9.7051,-13.95037174,0.0
pristine,Pristine,80,4.24527174,-9.5918,-13.837071739999999,0.0
pristine,Pristine,80,4.24527174,-9.4784,-13.72367174,0.0
pristine,Pristine,80,4.24527174,-9.365,-13.61027174,2.375e-05
pristine,Pristine,80,4.24527174,-9.2517,-13.49697174,0.0076725000000000005
pristine,Pristine,80,4.24527174,-9.1383,-13.383571739999999,0.30225124999999997
pristine,Pristine,80,4.24527174,-9.025,-13.27027174,2.14007125
pristine,Pristine,80,4.24527174,-8.9116,-13.15687174,5.036345
pristine,Pristine,80,4.24527174,-8.7982,-13.04347174,6.52625
pristine,Pristine,80,4.24527174,-8.6849,-12.93017174,5.902093750000001
pristine,Pristine,80,4.24527174,-8.5715,-12.81677174,5.56361375
pristine,Pristine,80,4.24527174,-8.4582,-12.70347174,3.5160649999999998
pristine,Pristine,80,4.24527174,-8.3448,-12.590071739999999,1.35072375
pristine,Pristine,80,4.24527174,-8.2314,-12.47667174,1.08544375
pristine,Pristine,80,4.24527174,-8.1181,-12.36337174,0.97156375
pristine,Pristine,80,4.24527174,-8.0047,-12.24997174,0.8771362500000001
pristine,Pristine,80,4.24527174,-7.8914,-12.13667174,1.042675
pristine,Pristine,80,4.24527174,-7.778,-12.023271739999998,0.7485649999999999
pristine,Pristine,80,4.24527174,-7.6646,-11.90987174,0.19946124999999998
pristine,Pristine,80,4.24527174,-7.5513,-11.796571740000001,0.01549875
pristine,Pristine,80,4.24527174,-7.4379,-11.683171739999999,0.00027
pristine,Pristine,80,4.24527174,-7.3246,-11.56987174,1.25e-06
pristine,Pristine,80,4.24527174,-7.2112,-11.45647174,0.0
pristine,Pristine,80,4.24527174,-7.0978,-11.34307174,0.0
pristine,Pristine,80,4.24527174,-6.9845,-11.22977174,0.0
pristine,Pristine,80,4.24527174,-6.8711,-11.11637174,0.0
pristine,Pristine,80,4.24527174,-6.7578,-11.00307174,0.0
pristine,Pristine,80,4.24527174,-6.6444,-10.88967174,0.0
pristine,Pristine,80,4.24527174,-6.531,-10.776271739999999,0.0
pristine,Pristine,80,4.24527174,-6.4177,-10.66297174,0.0
pristine,Pristine,80,4.24527174,-6.3043,-10.54957174,0.0
pristine,Pristine,80,4.24527174,-6.191,-10.436271739999999,0.0
pristine,Pristine,80,4.24527174,-6.0776,-10.32287174,0.0
pristine,Pristine,80,4.24527174,-5.9642,-10.20947174,0.0
pristine,Pristine,80,4.24527174,-5.8509,-10.096171739999999,0.0
pristine,Pristine,80,4.24527174,-5.7375,-9.98277174,0.0
pristine,Pristine,80,4.24527174,-5.6242,-9.86947174,0.0
pristine,Pristine,80,4.24527174,-5.5108,-9.75607174,0.0
pristine,Pristine,80,4.24527174,-5.3974,-9.64267174,0.0
pristine,Pristine,80,4.24527174,-5.2841,-9.529371739999998,0.0
pristine,Pristine,80,4.24527174,-5.1707,-9.41597174,0.0
pristine,Pristine,80,4.24527174,-5.0574,-9.302671740000001,0.0
pristine,Pristine,80,4.24527174,-4.944,-9.189271739999999,0.0
pristine,Pristine,80,4.24527174,-4.8306,-9.07587174,0.0
pristine,Pristine,80,4.24527174,-4.7173,-8.96257174,0.0
pristine,Pristine,80,4.24527174,-4.6039,-8.84917174,0.0
pristine,Pristine,80,4.24527174,-4.4906,-8.73587174,0.0
pristine,Pristine,80,4.24527174,-4.3772,-8.62247174,0.0
pristine,Pristine,80,4.24527174,-4.2638,-8.50907174,0.0
pristine,Pristine,80,4.24527174,-4.1505,-8.39577174,0.0
pristine,Pristine,80,4.24527174,-4.0371,-8.282371739999999,0.0
pristine,Pristine,80,4.24527174,-3.9238,-8.16907174,0.0
pristine,Pristine,80,4.24527174,-3.8104,-8.05567174,0.0
pristine,Pristine,80,4.24527174,-3.697,-7.94227174,0.0
pristine,Pristine,80,4.24527174,-3.5837,-7.82897174,0.0
pristine,Pristine,80,4.24527174,-3.4703,-7.71557174,1.25e-06
pristine,Pristine,80,4.24527174,-3.357,-7.60227174,0.00024875
pristine,Pristine,80,4.24527174,-3.2436,-7.4888717399999996,0.0101475
pristine,Pristine,80,4.24527174,-3.1302,-7.37547174,0.06322625
pristine,Pristine,80,4.24527174,-3.0169,-7.262171739999999,0.11800375
pristine,Pristine,80,4.24527174,-2.9035,-7.14877174,0.18889499999999998
pristine,Pristine,80,4.24527174,-2.7902,-7.03547174,0.27018375
pristine,Pristine,80,4.24527174,-2.6768,-6.92207174,0.30046625
pristine,Pristine,80,4.24527174,-2.5634,-6.808671739999999,0.321785
pristine,Pristine,80,4.24527174,-2.4501,-6.69537174,0.36180875
pristine,Pristine,80,4.24527174,-2.3367,-6.58197174,0.42370125
pristine,Pristine,80,4.24527174,-2.2234,-6.46867174,0.49049875
pristine,Pristine,80,4.24527174,-2.11,-6.355271739999999,0.482345
pristine,Pristine,80,4.24527174,-1.9966,-6.24187174,0.44654125
pristine,Pristine,80,4.24527174,-1.8833,-6.12857174,0.40317749999999997
pristine,Pristine,80,4.24527174,-1.7699,-6.0151717399999995,0.38609125
pristine,Pristine,80,4.24527174,-1.6565,-5.90177174,0.3011075
pristine,Pristine,80,4.24527174,-1.5432,-5.788471739999999,0.235095
pristine,Pristine,80,4.24527174,-1.4298,-5.67507174,0.25424625
pristine,Pristine,80,4.24527174,-1.3165,-5.561771739999999,0.28016874999999997
pristine,Pristine,80,4.24527174,-1.2031,-5.44837174,0.28630125
pristine,Pristine,80,4.24527174,-1.0897,-5.334971739999999,0.32829
pristine,Pristine,80,4.24527174,-0.9764,-5.22167174,0.2874025
pristine,Pristine,80,4.24527174,-0.863,-5.108271739999999,0.30181625
pristine,Pristine,80,4.24527174,-0.7497,-4.9949717399999995,0.32392750000000003
pristine,Pristine,80,4.24527174,-0.6363,-4.88157174,0.29757
pristine,Pristine,80,4.24527174,-0.5229,-4.76817174,0.3533725
pristine,Pristine,80,4.24527174,-0.4096,-4.65487174,0.34682875
pristine,Pristine,80,4.24527174,-0.2962,-4.5414717399999995,0.3309125
pristine,Pristine,80,4.24527174,-0.1829,-4.42817174,0.38609125
pristine,Pristine,80,4.24527174,-0.0695,-4.314771739999999,0.43291625
pristine,Pristine,80,4.24527174,0.0439,-4.20137174,0.47297500000000003
pristine,Pristine,80,4.24527174,0.1572,-4.08807174,0.51848125
pristine,Pristine,80,4.24527174,0.2706,-3.97467174,0.60148625
pristine,Pristine,80,4.24527174,0.3839,-3.8613717399999996,0.5779725
pristine,Pristine,80,4.24527174,0.4973,-3.7479717399999997,0.577625
pristine,Pristine,80,4.24527174,0.6107,-3.6345717399999997,0.58337875
pristine,Pristine,80,4.24527174,0.724,-3.5212717399999995,0.5651349999999999
pristine,Pristine,80,4.24527174,0.8374,-3.4078717399999996,0.52830125
pristine,Pristine,80,4.24527174,0.9507,-3.29457174,0.555195
pristine,Pristine,80,4.24527174,1.0641,-3.18117174,0.6275125
pristine,Pristine,80,4.24527174,1.1775,-3.0677717399999995,0.66185875
pristine,Pristine,80,4.24527174,1.2908,-2.95447174,0.592575
pristine,Pristine,80,4.24527174,1.4042,-2.84107174,0.5000475
pristine,Pristine,80,4.24527174,1.5175,-2.7277717399999997,0.6419575
pristine,Pristine,80,4.24527174,1.6309,-2.6143717399999997,0.807745
pristine,Pristine,80,4.24527174,1.7443,-2.5009717399999998,0.791065
pristine,Pristine,80,4.24527174,1.8576,-2.38767174,0.711185
pristine,Pristine,80,4.24527174,1.971,-2.2742717399999997,0.5948487499999999
pristine,Pristine,80,4.24527174,2.0843,-2.16097174,0.42203625
pristine,Pristine,80,4.24527174,2.1977,-2.0475717399999995,0.40922125
pristine,Pristine,80,4.24527174,2.3111,-1.9341717399999996,0.58808125
pristine,Pristine,80,4.24527174,2.4244,-1.8208717399999998,0.80872625
pristine,Pristine,80,4.24527174,2.5378,-1.70747174,0.82379625
pristine,Pristine,80,4.24527174,2.6511,-1.5941717399999997,0.80353
pristine,Pristine,80,4.24527174,2.7645,-1.4807717399999998,0.86033375
pristine,Pristine,80,4.24527174,2.8779,-1.3673717399999998,0.9823725
pristine,Pristine,80,4.24527174,2.9912,-1.2540717399999997,1.042
pristine,Pristine,80,4.24527174,3.1046,-1.1406717399999997,1.05291625
pristine,Pristine,80,4.24527174,3.2179,-1.0273717399999995,1.0505962500000001
pristine,Pristine,80,4.24527174,3.3313,-0.9139717399999996,0.9119825
pristine,Pristine,80,4.24527174,3.4447,-0.8005717399999996,0.55973375
pristine,Pristine,80,4.24527174,3.558,-0.6872717399999999,0.389255
pristine,Pristine,80,4.24527174,3.6714,-0.5738717399999995,0.5418475
pristine,Pristine,80,4.24527174,3.7847,-0.4605717399999998,0.46198125
pristine,Pristine,80,4.24527174,3.8981,-0.34717173999999984,0.11977
pristine,Pristine,80,4.24527174,4.0115,-0.2337717399999999,0.00641125
pristine,Pristine,80,4.24527174,4.1248,-0.12047174000000016,5e-05
pristine,Pristine,80,4.24527174,4.2382,-0.007071739999999771,0.0
pristine,Pristine,80,4.24527174,4.3515,0.10622825999999996,0.0
pristine,Pristine,80,4.24527174,4.4649,0.21962826000000035,0.0
pristine,Pristine,80,4.24527174,4.5783,0.33302825999999985,0.0
pristine,Pristine,80,4.24527174,4.6916,0.4463282600000005,0.0
pristine,Pristine,80,4.24527174,4.805,0.55972826,0.0
pristine,Pristine,80,4.24527174,4.9183,0.6730282600000006,0.0
pristine,Pristine,80,4.24527174,5.0317,0.7864282600000001,0.0
pristine,Pristine,80,4.24527174,5.1451,0.8998282600000005,0.0
pristine,Pristine,80,4.24527174,5.2584,1.0131282600000002,0.0
pristine,Pristine,80,4.24527174,5.3718,1.1265282600000006,0.0
pristine,Pristine,80,4.24527174,5.4851,1.2398282600000003,0.0
pristine,Pristine,80,4.24527174,5.5985,1.3532282599999998,0.0
pristine,Pristine,80,4.24527174,5.7119,1.4666282600000002,0.0
pristine,Pristine,80,4.24527174,5.8252,1.57992826,2.5e-06
pristine,Pristine,80,4.24527174,5.9386,1.6933282600000004,0.00019125
pristine,Pristine,80,4.24527174,6.052,1.8067282599999999,0.0017399999999999998
pristine,Pristine,80,4.24527174,6.1653,1.9200282600000005,0.00189625
pristine,Pristine,80,4.24527174,6.2787,2.03342826,0.0002725
pristine,Pristine,80,4.24527174,6.392,2.1467282600000006,0.00141
pristine,Pristine,80,4.24527174,6.5054,2.26012826,0.010475
pristine,Pristine,80,4.24527174,6.6188,2.3735282600000005,0.01373375
pristine,Pristine,80,4.24527174,6.7321,2.4868282600000002,0.010897500000000001
pristine,Pristine,80,4.24527174,6.8455,2.6002282600000006,0.00955375
pristine,Pristine,80,4.24527174,6.9588,2.7135282600000004,0.01778625
pristine,Pristine,80,4.24527174,7.0722,2.82692826,0.01767125
pristine,Pristine,80,4.24527174,7.1856,2.9403282600000002,0.01247625
pristine,Pristine,80,4.24527174,7.2989,3.05362826,0.00773125
pristine,Pristine,80,4.24527174,7.4123,3.1670282600000004,0.02714875
pristine,Pristine,80,4.24527174,7.5256,3.28032826,0.034095
pristine,Pristine,80,4.24527174,7.639,3.3937282600000005,0.0201375
pristine,Pristine,80,4.24527174,7.7524,3.50712826,0.04103375
pristine,Pristine,80,4.24527174,7.8657,3.6204282600000006,0.05785
pristine,Pristine,80,4.24527174,7.9791,3.73382826,0.0396925
pristine,Pristine,80,4.24527174,8.0924,3.84712826,0.0158075
pristine,Pristine,80,4.24527174,8.2058,3.9605282600000002,0.027831250000000002
pristine,Pristine,80,4.24527174,8.3192,4.073928260000001,0.04897
pristine,Pristine,80,4.24527174,8.4325,4.1872282599999995,0.061182499999999994
pristine,Pristine,80,4.24527174,8.5459,4.30062826,0.0851025
pristine,Pristine,80,4.24527174,8.6592,4.4139282600000005,0.0763875
pristine,Pristine,80,4.24527174,8.7726,4.527328260000001,0.07441875
pristine,Pristine,80,4.24527174,8.886,4.6407282599999995,0.082795
pristine,Pristine,80,4.24527174,8.9993,4.75402826,0.07414875
pristine,Pristine,80,4.24527174,9.1127,4.8674282600000005,0.10113749999999999
pristine,Pristine,80,4.24527174,9.226,4.980728260000001,0.11189750000000001
pristine,Pristine,80,4.24527174,9.3394,5.09412826,0.14106125
pristine,Pristine,80,4.24527174,9.4528,5.20752826,0.20897625
pristine,Pristine,80,4.24527174,9.5661,5.320828260000001,0.26742374999999996
pristine,Pristine,80,4.24527174,9.6795,5.434228260000001,0.2611675
pristine,Pristine,80,4.24527174,9.7928,5.54752826,0.28505375
pristine,Pristine,80,4.24527174,9.9062,5.66092826,0.2879825
pristine,Pristine,80,4.24527174,10.0196,5.774328260000001,0.30528125
pristine,Pristine,80,4.24527174,10.1329,5.88762826,0.28648625
pristine,Pristine,80,4.24527174,10.2463,6.00102826,0.334085
pristine,Pristine,80,4.24527174,10.3596,6.114328260000001,0.36367
pristine,Pristine,80,4.24527174,10.473,6.227728260000001,0.371065
pristine,Pristine,80,4.24527174,10.5864,6.34112826,0.36305375
pristine,Pristine,80,4.24527174,10.6997,6.45442826,0.3112975
pristine,Pristine,80,4.24527174,10.8131,6.567828260000001,0.2578825
pristine,Pristine,80,4.24527174,10.9264,6.6811282599999995,0.231225
pristine,Pristine,80,4.24527174,11.0398,6.79452826,0.24307375000000003
pristine,Pristine,80,4.24527174,11.1532,6.90792826,0.25875125
pristine,Pristine,80,4.24527174,11.2665,7.021228260000001,0.3125425
pristine,Pristine,80,4.24527174,11.3799,7.1346282599999995,0.34423499999999996
pristine,Pristine,80,4.24527174,11.4932,7.24792826,0.32791875
pristine,Pristine,80,4.24527174,11.6066,7.3613282600000005,0.2802075
pristine,Pristine,80,4.24527174,11.72,7.474728260000001,0.27216999999999997
pristine,Pristine,80,4.24527174,11.8333,7.58802826,0.26274625
pristine,Pristine,80,4.24527174,11.9467,7.70142826,0.16685125
pristine,Pristine,80,4.24527174,12.06,7.814728260000001,0.18686750000000002
pristine,Pristine,80,4.24527174,12.1734,7.928128260000001,0.2649
pristine,Pristine,80,4.24527174,12.2868,8.04152826,0.2632975
pristine,Pristine,80,4.24527174,12.4001,8.15482826,0.30242749999999996
pristine,Pristine,80,4.24527174,12.5135,8.26822826,0.380835
pristine,Pristine,80,4.24527174,12.6268,8.38152826,0.3913175
pristine,Pristine,80,4.24527174,12.7402,8.49492826,0.3160575
pristine,Pristine,80,4.24527174,12.8536,8.60832826,0.2871025
pristine,Pristine,80,4.24527174,12.9669,8.721628260000001,0.2929
pristine,Pristine,80,4.24527174,13.0803,8.83502826,0.28420875
pristine,Pristine,80,4.24527174,13.1936,8.94832826,0.267305
pristine,Pristine,80,4.24527174,13.307,9.06172826,0.26749
pristine,Pristine,80,4.24527174,13.4204,9.175128260000001,0.356095
pristine,Pristine,80,4.24527174,13.5337,9.28842826,0.40456000000000003
pristine,Pristine,80,4.24527174,13.6471,9.40182826,0.3517175
pristine,Pristine,80,4.24527174,13.7605,9.51522826,0.33465124999999996
pristine,Pristine,80,4.24527174,13.8738,9.62852826,0.36866
pristine,Pristine,80,4.24527174,13.9872,9.74192826,0.3851125
pristine,Pristine,80,4.24527174,14.1005,9.85522826,0.3247525
pristine,Pristine,80,4.24527174,14.2139,9.968628260000001,0.23105875
pristine,Pristine,80,4.24527174,14.3273,10.08202826,0.17843875
pristine,Pristine,80,4.24527174,14.4406,10.19532826,0.22314375000000003
pristine,Pristine,80,4.24527174,14.554,10.30872826,0.26511
pristine,Pristine,80,4.24527174,14.6673,10.42202826,0.30211
pristine,Pristine,80,4.24527174,14.7807,10.53542826,0.35564125
pristine,Pristine,80,4.24527174,14.8941,10.64882826,0.37707125
pristine,Pristine,80,4.24527174,15.0074,10.76212826,0.2937825
pristine,Pristine,80,4.24527174,15.1208,10.87552826,0.30768625
pristine,Pristine,80,4.24527174,15.2341,10.98882826,0.3526875
pristine,Pristine,80,4.24527174,15.3475,11.10222826,0.308555
pristine,Pristine,80,4.24527174,15.4609,11.21562826,0.24748
pristine,Pristine,80,4.24527174,15.5742,11.32892826,0.16403
pristine,Pristine,80,4.24527174,15.6876,11.44232826,0.0940875
pristine,Pristine,80,4.24527174,15.8009,11.55562826,0.058304999999999996
pristine,Pristine,80,4.24527174,15.9143,11.669028260000001,0.021332499999999997
pristine,Pristine,80,4.24527174,16.0277,11.78242826,0.0023575
pristine,Pristine,80,4.24527174,16.141,11.895728259999998,4.4999999999999996e-05
pristine,Pristine,80,4.24527174,16.2544,12.00912826,0.0
pristine,Pristine,80,4.24527174,16.3677,12.12242826,0.0
pristine,Pristine,80,4.24527174,16.4811,12.235828260000002,0.0
pristine,Pristine,80,4.24527174,16.5945,12.34922826,0.0
pristine,Pristine,80,4.24527174,16.7078,12.46252826,0.0
pristine,Pristine,80,4.24527174,16.8212,12.575928260000001,0.0
pristine,Pristine,80,4.24527174,16.9345,12.68922826,0.0
pristine,Pristine,80,4.24527174,17.0479,12.802628259999999,0.0
pristine,Pristine,80,4.24527174,17.1613,12.916028260000001,0.0
pristine,Pristine,80,4.24527174,17.2746,13.02932826,0.0
pristine,Pristine,80,4.24527174,17.388,13.142728260000002,0.0
vacancy_O1,O1 vacancy,79,5.07772885,-16.6907,-21.76842885,0.0
vacancy_O1,O1 vacancy,79,5.07772885,-16.5767,-21.65442885,0.0
vacancy_O1,O1 vacancy,79,5.07772885,-16.4627,-21.54042885,0.0
vacancy_O1,O1 vacancy,79,5.07772885,-16.3488,-21.42652885,0.0
vacancy_O1,O1 vacancy,79,5.07772885,-16.2348,-21.31252885,0.0
vacancy_O1,O1 vacancy,79,5.07772885,-16.1209,-21.19862885,0.0
vacancy_O1,O1 vacancy,79,5.07772885,-16.0069,-21.08462885,0.0
vacancy_O1,O1 vacancy,79,5.07772885,-15.893,-20.97072885,0.0
vacancy_O1,O1 vacancy,79,5.07772885,-15.779,-20.85672885,0.0
vacancy_O1,O1 vacancy,79,5.07772885,-15.6651,-20.742828850000002,0.0
vacancy_O1,O1 vacancy,79,5.07772885,-15.5511,-20.628828849999998,0.0
vacancy_O1,O1 vacancy,79,5.07772885,-15.4372,-20.51492885,0.0
vacancy_O1,O1 vacancy,79,5.07772885,-15.3232,-20.40092885,3.6708860759493665e-05
vacancy_O1,O1 vacancy,79,5.07772885,-15.2093,-20.28702885,0.0027240506329113926
vacancy_O1,O1 vacancy,79,5.07772885,-15.0953,-20.17302885,0.031858227848101266
vacancy_O1,O1 vacancy,79,5.07772885,-14.9814,-20.05912885,0.09018734177215189
vacancy_O1,O1 vacancy,79,5.07772885,-14.8674,-19.94512885,0.14853291139240507
vacancy_O1,O1 vacancy,79,5.07772885,-14.7535,-19.831228850000002,0.1913848101265823
vacancy_O1,O1 vacancy,79,5.07772885,-14.6395,-19.717228849999998,0.22247088607594936
vacancy_O1,O1 vacancy,79,5.07772885,-14.5256,-19.60332885,0.20232658227848102
vacancy_O1,O1 vacancy,79,5.07772885,-14.4116,-19.48932885,0.24725822784810128
vacancy_O1,O1 vacancy,79,5.07772885,-14.2977,-19.37542885,0.33341898734177217
vacancy_O1,O1 vacancy,79,5.07772885,-14.1837,-19.26142885,0.4127721518987342
vacancy_O1,O1 vacancy,79,5.07772885,-14.0698,-19.14752885,0.5740392405063292
vacancy_O1,O1 vacancy,79,5.07772885,-13.9558,-19.03352885,0.8089025316455697
vacancy_O1,O1 vacancy,79,5.07772885,-13.8419,-18.919628850000002,0.9335139240506329
vacancy_O1,O1 vacancy,79,5.07772885,-13.7279,-18.805628849999998,0.978446835443038
vacancy_O1,O1 vacancy,79,5.07772885,-13.6139,-18.69162885,1.0329189873417721
vacancy_O1,O1 vacancy,79,5.07772885,-13.5,-18.57772885,1.112993670886076
vacancy_O1,O1 vacancy,79,5.07772885,-13.386,-18.46372885,1.2880113924050633
vacancy_O1,O1 vacancy,79,5.07772885,-13.2721,-18.34982885,0.8790594936708861
vacancy_O1,O1 vacancy,79,5.07772885,-13.1581,-18.235828849999997,0.5149455696202532
vacancy_O1,O1 vacancy,79,5.07772885,-13.0442,-18.12192885,0.34826582278481016
vacancy_O1,O1 vacancy,79,5.07772885,-12.9302,-18.00792885,0.08435189873417721
vacancy_O1,O1 vacancy,79,5.07772885,-12.8163,-17.894028849999998,0.003453164556962025
vacancy_O1,O1 vacancy,79,5.07772885,-12.7023,-17.78002885,1.5189873417721518e-05
vacancy_O1,O1 vacancy,79,5.07772885,-12.5884,-17.66612885,0.0
vacancy_O1,O1 vacancy,79,5.07772885,-12.4744,-17.55212885,0.0
vacancy_O1,O1 vacancy,79,5.07772885,-12.3605,-17.43822885,0.0
vacancy_O1,O1 vacancy,79,5.07772885,-12.2465,-17.324228849999997,0.0
vacancy_O1,O1 vacancy,79,5.07772885,-12.1326,-17.21032885,0.0
vacancy_O1,O1 vacancy,79,5.07772885,-12.0186,-17.09632885,0.0
vacancy_O1,O1 vacancy,79,5.07772885,-11.9047,-16.982428849999998,0.0
vacancy_O1,O1 vacancy,79,5.07772885,-11.7907,-16.86842885,0.0
vacancy_O1,O1 vacancy,79,5.07772885,-11.6768,-16.75452885,0.0
vacancy_O1,O1 vacancy,79,5.07772885,-11.5628,-16.64052885,0.0
vacancy_O1,O1 vacancy,79,5.07772885,-11.4489,-16.52662885,0.0
vacancy_O1,O1 vacancy,79,5.07772885,-11.3349,-16.412628849999997,0.0
vacancy_O1,O1 vacancy,79,5.07772885,-11.221,-16.29872885,0.0
vacancy_O1,O1 vacancy,79,5.07772885,-11.107,-16.18472885,0.0
vacancy_O1,O1 vacancy,79,5.07772885,-10.9931,-16.070828849999998,0.0
vacancy_O1,O1 vacancy,79,5.07772885,-10.8791,-15.956828849999999,0.0
vacancy_O1,O1 vacancy,79,5.07772885,-10.7652,-15.84292885,0.0
vacancy_O1,O1 vacancy,79,5.07772885,-10.6512,-15.728928849999999,0.0
vacancy_O1,O1 vacancy,79,5.07772885,-10.5372,-15.61492885,0.0
vacancy_O1,O1 vacancy,79,5.07772885,-10.4233,-15.501028849999999,0.0
vacancy_O1,O1 vacancy,79,5.07772885,-10.3093,-15.38702885,0.0
vacancy_O1,O1 vacancy,79,5.07772885,-10.1954,-15.273128849999999,0.0
vacancy_O1,O1 vacancy,79,5.07772885,-10.0814,-15.15912885,0.0
vacancy_O1,O1 vacancy,79,5.07772885,-9.9675,-15.045228849999999,0.0
vacancy_O1,O1 vacancy,79,5.07772885,-9.8535,-14.93122885,0.0
vacancy_O1,O1 vacancy,79,5.07772885,-9.7396,-14.817328849999999,0.0
vacancy_O1,O1 vacancy,79,5.07772885,-9.6256,-14.70332885,0.0
vacancy_O1,O1 vacancy,79,5.07772885,-9.5117,-14.58942885,0.0002949367088607595
vacancy_O1,O1 vacancy,79,5.07772885,-9.3977,-14.47542885,0.02594177215189873
vacancy_O1,O1 vacancy,79,5.07772885,-9.2838,-14.36152885,0.37081898734177215
vacancy_O1,O1 vacancy,79,5.07772885,-9.1698,-14.24752885,1.4534113924050633
vacancy_O1,O1 vacancy,79,5.07772885,-9.0559,-14.13362885,3.2427341772151896
vacancy_O1,O1 vacancy,79,5.07772885,-8.9419,-14.01962885,5.287497468354431
vacancy_O1,O1 vacancy,79,5.07772885,-8.828,-13.90572885,6.219660759493671
vacancy_O1,O1 vacancy,79,5.07772885,-8.714,-13.79172885,5.62836582278481
vacancy_O1,O1 vacancy,79,5.07772885,-8.6001,-13.67782885,4.371269620253165
vacancy_O1,O1 vacancy,79,5.07772885,-8.4861,-13.56382885,2.986546835443038
vacancy_O1,O1 vacancy,79,5.07772885,-8.3722,-13.44992885,1.5365683544303799
vacancy_O1,O1 vacancy,79,5.07772885,-8.2582,-13.33592885,1.0761987341772152
vacancy_O1,O1 vacancy,79,5.07772885,-8.1443,-13.22202885,0.9354405063291139
vacancy_O1,O1 vacancy,79,5.07772885,-8.0303,-13.10802885,0.8887987341772152
vacancy_O1,O1 vacancy,79,5.07772885,-7.9164,-12.99412885,0.8473481012658228
vacancy_O1,O1 vacancy,79,5.07772885,-7.8024,-12.880128849999998,0.5318582278481013
vacancy_O1,O1 vacancy,79,5.07772885,-7.6884,-12.76612885,0.1348253164556962
vacancy_O1,O1 vacancy,79,5.07772885,-7.5745,-12.65222885,0.009164556962025316
vacancy_O1,O1 vacancy,79,5.07772885,-7.4605,-12.53822885,0.00011139240506329114
vacancy_O1,O1 vacancy,79,5.07772885,-7.3466,-12.424328849999998,0.0
vacancy_O1,O1 vacancy,79,5.07772885,-7.2326,-12.31032885,0.0
vacancy_O1,O1 vacancy,79,5.07772885,-7.1187,-12.19642885,0.0
vacancy_O1,O1 vacancy,79,5.07772885,-7.0047,-12.08242885,0.0
vacancy_O1,O1 vacancy,79,5.07772885,-6.8908,-11.968528849999998,0.0
vacancy_O1,O1 vacancy,79,5.07772885,-6.7768,-11.85452885,0.0
vacancy_O1,O1 vacancy,79,5.07772885,-6.6629,-11.74062885,0.0
vacancy_O1,O1 vacancy,79,5.07772885,-6.5489,-11.62662885,0.0
vacancy_O1,O1 vacancy,79,5.07772885,-6.435,-11.512728849999998,0.0
vacancy_O1,O1 vacancy,79,5.07772885,-6.321,-11.39872885,0.0
vacancy_O1,O1 vacancy,79,5.07772885,-6.2071,-11.28482885,0.0
vacancy_O1,O1 vacancy,79,5.07772885,-6.0931,-11.17082885,0.0
vacancy_O1,O1 vacancy,79,5.07772885,-5.9792,-11.056928849999998,0.0
vacancy_O1,O1 vacancy,79,5.07772885,-5.8652,-10.94292885,0.0
vacancy_O1,O1 vacancy,79,5.07772885,-5.7513,-10.82902885,0.0
vacancy_O1,O1 vacancy,79,5.07772885,-5.6373,-10.71502885,0.0
vacancy_O1,O1 vacancy,79,5.07772885,-5.5234,-10.601128849999998,0.0
vacancy_O1,O1 vacancy,79,5.07772885,-5.4094,-10.48712885,0.0
vacancy_O1,O1 vacancy,79,5.07772885,-5.2955,-10.37322885,0.0
vacancy_O1,O1 vacancy,79,5.07772885,-5.1815,-10.25922885,0.0
vacancy_O1,O1 vacancy,79,5.07772885,-5.0676,-10.145328849999999,0.0
vacancy_O1,O1 vacancy,79,5.07772885,-4.9536,-10.03132885,0.0
vacancy_O1,O1 vacancy,79,5.07772885,-4.8397,-9.91742885,0.0
vacancy_O1,O1 vacancy,79,5.07772885,-4.7257,-9.80342885,0.0
vacancy_O1,O1 vacancy,79,5.07772885,-4.6117,-9.689428849999999,0.0
vacancy_O1,O1 vacancy,79,5.07772885,-4.4978,-9.57552885,0.0
vacancy_O1,O1 vacancy,79,5.07772885,-4.3838,-9.46152885,0.0
vacancy_O1,O1 vacancy,79,5.07772885,-4.2699,-9.34762885,0.0
vacancy_O1,O1 vacancy,79,5.07772885,-4.1559,-9.233628849999999,0.0
vacancy_O1,O1 vacancy,79,5.07772885,-4.042,-9.11972885,0.0
vacancy_O1,O1 vacancy,79,5.07772885,-3.928,-9.00572885,0.0
vacancy_O1,O1 vacancy,79,5.07772885,-3.8141,-8.89182885,0.0
vacancy_O1,O1 vacancy,79,5.07772885,-3.7001,-8.777828849999999,0.0
vacancy_O1,O1 vacancy,79,5.07772885,-3.5862,-8.66392885,0.0
vacancy_O1,O1 vacancy,79,5.07772885,-3.4722,-8.54992885,2.0253164556962028e-05
vacancy_O1,O1 vacancy,79,5.07772885,-3.3583,-8.43602885,0.0017518987341772151
vacancy_O1,O1 vacancy,79,5.07772885,-3.2443,-8.322028849999999,0.023415189873417723
vacancy_O1,O1 vacancy,79,5.07772885,-3.1304,-8.20812885,0.08590886075949368
vacancy_O1,O1 vacancy,79,5.07772885,-3.0164,-8.09412885,0.15861518987341772
vacancy_O1,O1 vacancy,79,5.07772885,-2.9025,-7.98022885,0.24316582278481014
vacancy_O1,O1 vacancy,79,5.07772885,-2.7885,-7.86622885,0.29274430379746835
vacancy_O1,O1 vacancy,79,5.07772885,-2.6746,-7.75232885,0.3402139240506329
vacancy_O1,O1 vacancy,79,5.07772885,-2.5606,-7.63832885,0.374946835443038
vacancy_O1,O1 vacancy,79,5.07772885,-2.4467,-7.52442885,0.373253164556962
vacancy_O1,O1 vacancy,79,5.07772885,-2.3327,-7.41042885,0.42582911392405065
vacancy_O1,O1 vacancy,79,5.07772885,-2.2188,-7.29652885,0.4768151898734177
vacancy_O1,O1 vacancy,79,5.07772885,-2.1048,-7.18252885,0.4540810126582278
vacancy_O1,O1 vacancy,79,5.07772885,-1.9909,-7.06862885,0.37742784810126584
vacancy_O1,O1 vacancy,79,5.07772885,-1.8769,-6.95462885,0.3701341772151899
vacancy_O1,O1 vacancy,79,5.07772885,-1.7629,-6.84062885,0.34907974683544307
vacancy_O1,O1 vacancy,79,5.07772885,-1.649,-6.72672885,0.2792177215189873
vacancy_O1,O1 vacancy,79,5.07772885,-1.535,-6.61272885,0.26598227848101264
vacancy_O1,O1 vacancy,79,5.07772885,-1.4211,-6.49882885,0.28793291139240507
vacancy_O1,O1 vacancy,79,5.07772885,-1.3071,-6.38482885,0.2675215189873418
vacancy_O1,O1 vacancy,79,5.07772885,-1.1932,-6.27092885,0.30253924050632913
vacancy_O1,O1 vacancy,79,5.07772885,-1.0792,-6.15692885,0.284173417721519
vacancy_O1,O1 vacancy,79,5.07772885,-0.9653,-6.04302885,0.32536582278481013
vacancy_O1,O1 vacancy,79,5.07772885,-0.8513,-5.92902885,0.3709227848101266
vacancy_O1,O1 vacancy,79,5.07772885,-0.7374,-5.81512885,0.32803544303797466
vacancy_O1,O1 vacancy,79,5.07772885,-0.6234,-5.70112885,0.31972784810126587
vacancy_O1,O1 vacancy,79,5.07772885,-0.5095,-5.58722885,0.331846835443038
vacancy_O1,O1 vacancy,79,5.07772885,-0.3955,-5.47322885,0.35148987341772153
vacancy_O1,O1 vacancy,79,5.07772885,-0.2816,-5.35932885,0.36754810126582277
vacancy_O1,O1 vacancy,79,5.07772885,-0.1676,-5.24532885,0.4236025316455696
vacancy_O1,O1 vacancy,79,5.07772885,-0.0537,-5.13142885,0.4786544303797468
vacancy_O1,O1 vacancy,79,5.07772885,0.0603,-5.01742885,0.49592784810126583
vacancy_O1,O1 vacancy,79,5.07772885,0.1742,-4.90352885,0.5283594936708861
vacancy_O1,O1 vacancy,79,5.07772885,0.2882,-4.78952885,0.5784569620253164
vacancy_O1,O1 vacancy,79,5.07772885,0.4021,-4.67562885,0.5572708860759493
vacancy_O1,O1 vacancy,79,5.07772885,0.5161,-4.56162885,0.5647405063291139
vacancy_O1,O1 vacancy,79,5.07772885,0.63,-4.44772885,0.5666607594936709
vacancy_O1,O1 vacancy,79,5.07772885,0.744,-4.33372885,0.5596746835443038
vacancy_O1,O1 vacancy,79,5.07772885,0.8579,-4.21982885,0.568320253164557
vacancy_O1,O1 vacancy,79,5.07772885,0.9719,-4.10582885,0.6019924050632911
vacancy_O1,O1 vacancy,79,5.07772885,1.0859,-3.9918288499999997,0.6279392405063291
vacancy_O1,O1 vacancy,79,5.07772885,1.1998,-3.87792885,0.6017772151898734
vacancy_O1,O1 vacancy,79,5.07772885,1.3138,-3.7639288499999997,0.5626379746835443
vacancy_O1,O1 vacancy,79,5.07772885,1.4277,-3.65002885,0.6244607594936709
vacancy_O1,O1 vacancy,79,5.07772885,1.5417,-3.5360288499999997,0.7453708860759494
vacancy_O1,O1 vacancy,79,5.07772885,1.6556,-3.42212885,0.738986075949367
vacancy_O1,O1 vacancy,79,5.07772885,1.7696,-3.3081288499999997,0.6597544303797469
vacancy_O1,O1 vacancy,79,5.07772885,1.8835,-3.19422885,0.6309784810126582
vacancy_O1,O1 vacancy,79,5.07772885,1.9975,-3.0802288499999997,0.5347101265822785
vacancy_O1,O1 vacancy,79,5.07772885,2.1114,-2.9663288499999996,0.45948734177215195
vacancy_O1,O1 vacancy,79,5.07772885,2.2254,-2.8523288499999997,0.542506329113924
vacancy_O1,O1 vacancy,79,5.07772885,2.3393,-2.7384288499999996,0.7392658227848101
vacancy_O1,O1 vacancy,79,5.07772885,2.4533,-2.6244288499999997,0.7966708860759494
vacancy_O1,O1 vacancy,79,5.07772885,2.5672,-2.5105288499999996,0.8143151898734177
vacancy_O1,O1 vacancy,79,5.07772885,2.6812,-2.3965288499999997,0.8664303797468353
vacancy_O1,O1 vacancy,79,5.07772885,2.7951,-2.2826288499999996,0.9728556962025315
vacancy_O1,O1 vacancy,79,5.07772885,2.9091,-2.1686288499999997,1.0094316455696202
vacancy_O1,O1 vacancy,79,5.07772885,3.023,-2.0547288499999996,0.9878417721518988
vacancy_O1,O1 vacancy,79,5.07772885,3.137,-1.9407288499999997,1.0010974683544303
vacancy_O1,O1 vacancy,79,5.07772885,3.2509,-1.8268288499999996,0.9035227848101265
vacancy_O1,O1 vacancy,79,5.07772885,3.3649,-1.7128288499999997,0.6548962025316456
vacancy_O1,O1 vacancy,79,5.07772885,3.4788,-1.5989288499999996,0.45404810126582273
vacancy_O1,O1 vacancy,79,5.07772885,3.5928,-1.4849288499999997,0.4126379746835443
vacancy_O1,O1 vacancy,79,5.07772885,3.7067,-1.3710288499999996,0.38904556962025316
vacancy_O1,O1 vacancy,79,5.07772885,3.8207,-1.2570288499999998,0.20328227848101266
vacancy_O1,O1 vacancy,79,5.07772885,3.9346,-1.1431288499999996,0.036932911392405066
vacancy_O1,O1 vacancy,79,5.07772885,4.0486,-1.0291288499999993,0.0027860759493670887
vacancy_O1,O1 vacancy,79,5.07772885,4.1626,-0.9151288499999994,0.010284810126582278
vacancy_O1,O1 vacancy,79,5.07772885,4.2765,-0.8012288499999993,0.042710126582278476
vacancy_O1,O1 vacancy,79,5.07772885,4.3905,-0.6872288499999994,0.05372784810126583
vacancy_O1,O1 vacancy,79,5.07772885,4.5044,-0.5733288499999993,0.05152151898734177
vacancy_O1,O1 vacancy,79,5.07772885,4.6184,-0.45932884999999946,0.04711898734177215
vacancy_O1,O1 vacancy,79,5.07772885,4.7323,-0.34542884999999934,0.014517721518987342
vacancy_O1,O1 vacancy,79,5.07772885,4.8463,-0.23142884999999946,0.0009139240506329114
vacancy_O1,O1 vacancy,79,5.07772885,4.9602,-0.11752884999999935,6.329113924050633e-06
vacancy_O1,O1 vacancy,79,5.07772885,5.0742,-0.0035288499999994727,0.0
vacancy_O1,O1 vacancy,79,5.07772885,5.1881,0.11037115000000064,0.0
vacancy_O1,O1 vacancy,79,5.07772885,5.3021,0.22437115000000052,0.0
vacancy_O1,O1 vacancy,79,5.07772885,5.416,0.33827115000000063,0.0
vacancy_O1,O1 vacancy,79,5.07772885,5.53,0.4522711500000005,0.0
vacancy_O1,O1 vacancy,79,5.07772885,5.6439,0.5661711500000006,0.0
vacancy_O1,O1 vacancy,79,5.07772885,5.7579,0.6801711500000005,0.0
vacancy_O1,O1 vacancy,79,5.07772885,5.8718,0.7940711500000006,0.0
vacancy_O1,O1 vacancy,79,5.07772885,5.9858,0.9080711500000005,0.0
vacancy_O1,O1 vacancy,79,5.07772885,6.0997,1.0219711500000006,8.860759493670886e-06
vacancy_O1,O1 vacancy,79,5.07772885,6.2137,1.1359711500000005,0.000440506329113924
vacancy_O1,O1 vacancy,79,5.07772885,6.3276,1.2498711500000006,0.0022417721518987344
vacancy_O1,O1 vacancy,79,5.07772885,6.4416,1.3638711500000005,0.002388607594936709
vacancy_O1,O1 vacancy,79,5.07772885,6.5555,1.4777711500000006,0.006927848101265823
vacancy_O1,O1 vacancy,79,5.07772885,6.6695,1.5917711500000005,0.014641772151898736
vacancy_O1,O1 vacancy,79,5.07772885,6.7834,1.7056711500000006,0.01630759493670886
vacancy_O1,O1 vacancy,79,5.07772885,6.8974,1.8196711500000005,0.01881898734177215
vacancy_O1,O1 vacancy,79,5.07772885,7.0114,1.9336711500000003,0.022910126582278482
vacancy_O1,O1 vacancy,79,5.07772885,7.1253,2.0475711500000005,0.017444303797468357
vacancy_O1,O1 vacancy,79,5.07772885,7.2393,2.1615711500000003,0.018593670886075952
vacancy_O1,O1 vacancy,79,5.07772885,7.3532,2.2754711500000004,0.041318987341772154
vacancy_O1,O1 vacancy,79,5.07772885,7.4672,2.3894711500000003,0.05294430379746835
vacancy_O1,O1 vacancy,79,5.07772885,7.5811,2.5033711500000004,0.06416075949367088
vacancy_O1,O1 vacancy,79,5.07772885,7.6951,2.6173711500000003,0.05920126582278481
vacancy_O1,O1 vacancy,79,5.07772885,7.809,2.7312711500000004,0.05767721518987341
vacancy_O1,O1 vacancy,79,5.07772885,7.923,2.8452711500000003,0.059374683544303794
vacancy_O1,O1 vacancy,79,5.07772885,8.0369,2.9591711499999995,0.05597215189873418
vacancy_O1,O1 vacancy,79,5.07772885,8.1509,3.0731711500000003,0.08565696202531645
vacancy_O1,O1 vacancy,79,5.07772885,8.2648,3.1870711499999995,0.07273164556962025
vacancy_O1,O1 vacancy,79,5.07772885,8.3788,3.3010711500000003,0.06309113924050633
vacancy_O1,O1 vacancy,79,5.07772885,8.4927,3.4149711499999995,0.09246455696202532
vacancy_O1,O1 vacancy,79,5.07772885,8.6067,3.5289711500000003,0.11794303797468356
vacancy_O1,O1 vacancy,79,5.07772885,8.7206,3.6428711499999995,0.10650759493670886
vacancy_O1,O1 vacancy,79,5.07772885,8.8346,3.7568711500000003,0.08357341772151898
vacancy_O1,O1 vacancy,79,5.07772885,8.9485,3.8707711499999995,0.0853126582278481
vacancy_O1,O1 vacancy,79,5.07772885,9.0625,3.9847711500000003,0.11361392405063292
vacancy_O1,O1 vacancy,79,5.07772885,9.1764,4.0986711499999995,0.12192911392405063
vacancy_O1,O1 vacancy,79,5.07772885,9.2904,4.21267115,0.14981518987341771
vacancy_O1,O1 vacancy,79,5.07772885,9.4043,4.3265711499999995,0.20894683544303796
vacancy_O1,O1 vacancy,79,5.07772885,9.5183,4.44057115,0.23713164556962024
vacancy_O1,O1 vacancy,79,5.07772885,9.6322,4.5544711499999995,0.25087468354430376
vacancy_O1,O1 vacancy,79,5.07772885,9.7462,4.66847115,0.28793924050632913
vacancy_O1,O1 vacancy,79,5.07772885,9.8601,4.7823711499999995,0.27887721518987346
vacancy_O1,O1 vacancy,79,5.07772885,9.9741,4.89637115,0.2887367088607595
vacancy_O1,O1 vacancy,79,5.07772885,10.0881,5.010371150000001,0.2926253164556962
vacancy_O1,O1 vacancy,79,5.07772885,10.202,5.12427115,0.3262620253164557
vacancy_O1,O1 vacancy,79,5.07772885,10.316,5.238271150000001,0.3150746835443038
vacancy_O1,O1 vacancy,79,5.07772885,10.4299,5.35217115,0.33719113924050637
vacancy_O1,O1 vacancy,79,5.07772885,10.5439,5.466171150000001,0.3366518987341772
vacancy_O1,O1 vacancy,79,5.07772885,10.6578,5.58007115,0.28110506329113927
vacancy_O1,O1 vacancy,79,5.07772885,10.7718,5.694071150000001,0.25421645569620255
vacancy_O1,O1 vacancy,79,5.07772885,10.8857,5.80797115,0.26666329113924053
vacancy_O1,O1 vacancy,79,5.07772885,10.9997,5.921971150000001,0.2691493670886076
vacancy_O1,O1 vacancy,79,5.07772885,11.1136,6.03587115,0.31371518987341773
vacancy_O1,O1 vacancy,79,5.07772885,11.2276,6.149871150000001,0.3350278481012658
vacancy_O1,O1 vacancy,79,5.07772885,11.3415,6.26377115,0.3121405063291139
vacancy_O1,O1 vacancy,79,5.07772885,11.4555,6.377771150000001,0.31954556962025316
vacancy_O1,O1 vacancy,79,5.07772885,11.5694,6.49167115,0.31146075949367086
vacancy_O1,O1 vacancy,79,5.07772885,11.6834,6.605671150000001,0.28125443037974684
vacancy_O1,O1 vacancy,79,5.07772885,11.7973,6.71957115,0.22368227848101266
vacancy_O1,O1 vacancy,79,5.07772885,11.9113,6.833571150000001,0.1821620253164557
vacancy_O1,O1 vacancy,79,5.07772885,12.0252,6.94747115,0.19647215189873418
vacancy_O1,O1 vacancy,79,5.07772885,12.1392,7.061471150000001,0.27578607594936705
vacancy_O1,O1 vacancy,79,5.07772885,12.2531,7.17537115,0.30885822784810124
vacancy_O1,O1 vacancy,79,5.07772885,12.3671,7.289371150000001,0.32659367088607594
vacancy_O1,O1 vacancy,79,5.07772885,12.481,7.40327115,0.34949873417721516
vacancy_O1,O1 vacancy,79,5.07772885,12.595,7.517271150000001,0.34389873417721517
vacancy_O1,O1 vacancy,79,5.07772885,12.7089,7.63117115,0.2853405063291139
vacancy_O1,O1 vacancy,79,5.07772885,12.8229,7.745171150000001,0.29390506329113925
vacancy_O1,O1 vacancy,79,5.07772885,12.9369,7.85917115,0.3280670886075949
vacancy_O1,O1 vacancy,79,5.07772885,13.0508,7.973071150000001,0.2850278481012658
vacancy_O1,O1 vacancy,79,5.07772885,13.1648,8.08707115,0.2741329113924051
vacancy_O1,O1 vacancy,79,5.07772885,13.2787,8.20097115,0.3115594936708861
vacancy_O1,O1 vacancy,79,5.07772885,13.3927,8.31497115,0.34829620253164556
vacancy_O1,O1 vacancy,79,5.07772885,13.5066,8.42887115,0.3842594936708861
vacancy_O1,O1 vacancy,79,5.07772885,13.6206,8.54287115,0.3452835443037975
vacancy_O1,O1 vacancy,79,5.07772885,13.7345,8.65677115,0.33749240506329115
vacancy_O1,O1 vacancy,79,5.07772885,13.8485,8.77077115,0.3376822784810127
vacancy_O1,O1 vacancy,79,5.07772885,13.9624,8.88467115,0.3097645569620253
vacancy_O1,O1 vacancy,79,5.07772885,14.0764,8.99867115,0.2752759493670886
vacancy_O1,O1 vacancy,79,5.07772885,14.1903,9.11257115,0.26423164556962025
vacancy_O1,O1 vacancy,79,5.07772885,14.3043,9.22657115,0.27060253164556963
vacancy_O1,O1 vacancy,79,5.07772885,14.4182,9.34047115,0.31317341772151897
vacancy_O1,O1 vacancy,79,5.07772885,14.5322,9.45447115,0.2964189873417722
vacancy_O1,O1 vacancy,79,5.07772885,14.6461,9.56837115,0.29615189873417724
vacancy_O1,O1 vacancy,79,5.07772885,14.7601,9.68237115,0.3190835443037975
vacancy_O1,O1 vacancy,79,5.07772885,14.874,9.79627115,0.3668088607594937
vacancy_O1,O1 vacancy,79,5.07772885,14.988,9.91027115,0.3776253164556962
vacancy_O1,O1 vacancy,79,5.07772885,15.1019,10.02417115,0.36897215189873417
vacancy_O1,O1 vacancy,79,5.07772885,15.2159,10.13817115,0.3737860759493671
vacancy_O1,O1 vacancy,79,5.07772885,15.3298,10.25207115,0.34269620253164557
vacancy_O1,O1 vacancy,79,5.07772885,15.4438,10.36607115,0.26631645569620255
vacancy_O1,O1 vacancy,79,5.07772885,15.5577,10.47997115,0.20640506329113925
vacancy_O1,O1 vacancy,79,5.07772885,15.6717,10.59397115,0.16025822784810126
vacancy_O1,O1 vacancy,79,5.07772885,15.7856,10.70787115,0.11691645569620253
vacancy_O1,O1 vacancy,79,5.07772885,15.8996,10.82187115,0.05249113924050633
vacancy_O1,O1 vacancy,79,5.07772885,16.0136,10.93587115,0.0144873417721519
vacancy_O1,O1 vacancy,79,5.07772885,16.1275,11.049771150000002,0.0018227848101265822
vacancy_O1,O1 vacancy,79,5.07772885,16.2415,11.163771149999999,4.0506329113924056e-05
vacancy_O1,O1 vacancy,79,5.07772885,16.3554,11.27767115,0.0
vacancy_O1,O1 vacancy,79,5.07772885,16.4694,11.39167115,0.0
vacancy_O1,O1 vacancy,79,5.07772885,16.5833,11.505571150000002,0.0
vacancy_O1,O1 vacancy,79,5.07772885,16.6973,11.619571149999999,0.0
vacancy_O1,O1 vacancy,79,5.07772885,16.8112,11.73347115,0.0
vacancy_O1,O1 vacancy,79,5.07772885,16.9252,11.84747115,0.0
vacancy_O1,O1 vacancy,79,5.07772885,17.0391,11.961371150000002,0.0
vacancy_O1,O1 vacancy,79,5.07772885,17.1531,12.075371149999999,0.0
vacancy_O1,O1 vacancy,79,5.07772885,17.267,12.18927115,0.0
vacancy_O1,O1 vacancy,79,5.07772885,17.381,12.30327115,0.0
vacancy_O1,O1 vacancy,79,5.07772885,17.4949,12.417171150000001,0.0
vacancy_O2,O2 vacancy,79,5.60123156,-16.6638,-22.265031559999997,0.0
vacancy_O2,O2 vacancy,79,5.60123156,-16.5502,-22.15143156,0.0
vacancy_O2,O2 vacancy,79,5.60123156,-16.4366,-22.03783156,0.0
vacancy_O2,O2 vacancy,79,5.60123156,-16.323,-21.924231560000003,0.0
vacancy_O2,O2 vacancy,79,5.60123156,-16.2094,-21.810631559999997,0.0
vacancy_O2,O2 vacancy,79,5.60123156,-16.0959,-21.697131560000003,0.0
vacancy_O2,O2 vacancy,79,5.60123156,-15.9823,-21.58353156,0.0
vacancy_O2,O2 vacancy,79,5.60123156,-15.8687,-21.46993156,0.0
vacancy_O2,O2 vacancy,79,5.60123156,-15.7551,-21.35633156,0.0
vacancy_O2,O2 vacancy,79,5.60123156,-15.6416,-21.24283156,0.0
vacancy_O2,O2 vacancy,79,5.60123156,-15.528,-21.12923156,0.0
vacancy_O2,O2 vacancy,79,5.60123156,-15.4144,-21.015631560000003,0.0
vacancy_O2,O2 vacancy,79,5.60123156,-15.3008,-20.90203156,3.291139240506329e-05
vacancy_O2,O2 vacancy,79,5.60123156,-15.1872,-20.78843156,0.0024164556962025315
vacancy_O2,O2 vacancy,79,5.60123156,-15.0737,-20.67493156,0.02951898734177215
vacancy_O2,O2 vacancy,79,5.60123156,-14.9601,-20.56133156,0.09234303797468355
vacancy_O2,O2 vacancy,79,5.60123156,-14.8465,-20.44773156,0.1595379746835443
vacancy_O2,O2 vacancy,79,5.60123156,-14.7329,-20.334131560000003,0.21875949367088607
vacancy_O2,O2 vacancy,79,5.60123156,-14.6193,-20.22053156,0.22580253164556963
vacancy_O2,O2 vacancy,79,5.60123156,-14.5058,-20.107031560000003,0.20738734177215193
vacancy_O2,O2 vacancy,79,5.60123156,-14.3922,-19.99343156,0.26118860759493673
vacancy_O2,O2 vacancy,79,5.60123156,-14.2786,-19.87983156,0.3408632911392405
vacancy_O2,O2 vacancy,79,5.60123156,-14.165,-19.76623156,0.45558481012658225
vacancy_O2,O2 vacancy,79,5.60123156,-14.0514,-19.65263156,0.6429354430379747
vacancy_O2,O2 vacancy,79,5.60123156,-13.9379,-19.53913156,0.8286569620253164
vacancy_O2,O2 vacancy,79,5.60123156,-13.8243,-19.42553156,0.9393164556962026
vacancy_O2,O2 vacancy,79,5.60123156,-13.7107,-19.311931559999998,1.0339949367088608
vacancy_O2,O2 vacancy,79,5.60123156,-13.5971,-19.19833156,1.0894037974683544
vacancy_O2,O2 vacancy,79,5.60123156,-13.4836,-19.084831559999998,1.1404987341772153
vacancy_O2,O2 vacancy,79,5.60123156,-13.37,-18.97123156,1.163512658227848
vacancy_O2,O2 vacancy,79,5.60123156,-13.2564,-18.85763156,0.9791430379746835
vacancy_O2,O2 vacancy,79,5.60123156,-13.1428,-18.74403156,0.3923544303797468
vacancy_O2,O2 vacancy,79,5.60123156,-13.0292,-18.630431559999998,0.05159113924050633
vacancy_O2,O2 vacancy,79,5.60123156,-12.9157,-18.51693156,0.05468860759493671
vacancy_O2,O2 vacancy,79,5.60123156,-12.8021,-18.403331559999998,0.12779746835443037
vacancy_O2,O2 vacancy,79,5.60123156,-12.6885,-18.28973156,0.03763417721518988
vacancy_O2,O2 vacancy,79,5.60123156,-12.5749,-18.17613156,0.0012265822784810127
vacancy_O2,O2 vacancy,79,5.60123156,-12.4613,-18.06253156,3.7974683544303794e-06
vacancy_O2,O2 vacancy,79,5.60123156,-12.3478,-17.94903156,0.0
vacancy_O2,O2 vacancy,79,5.60123156,-12.2342,-17.83543156,0.0
vacancy_O2,O2 vacancy,79,5.60123156,-12.1206,-17.72183156,0.0
vacancy_O2,O2 vacancy,79,5.60123156,-12.007,-17.60823156,0.0
vacancy_O2,O2 vacancy,79,5.60123156,-11.8935,-17.494731559999998,0.0
vacancy_O2,O2 vacancy,79,5.60123156,-11.7799,-17.38113156,0.0
vacancy_O2,O2 vacancy,79,5.60123156,-11.6663,-17.267531560000002,0.0
vacancy_O2,O2 vacancy,79,5.60123156,-11.5527,-17.15393156,0.0
vacancy_O2,O2 vacancy,79,5.60123156,-11.4391,-17.04033156,0.0
vacancy_O2,O2 vacancy,79,5.60123156,-11.3256,-16.92683156,0.0
vacancy_O2,O2 vacancy,79,5.60123156,-11.212,-16.81323156,0.0
vacancy_O2,O2 vacancy,79,5.60123156,-11.0984,-16.69963156,0.0
vacancy_O2,O2 vacancy,79,5.60123156,-10.9848,-16.586031560000002,0.0
vacancy_O2,O2 vacancy,79,5.60123156,-10.8712,-16.47243156,0.0
vacancy_O2,O2 vacancy,79,5.60123156,-10.7577,-16.358931560000002,0.0
vacancy_O2,O2 vacancy,79,5.60123156,-10.6441,-16.24533156,0.0
vacancy_O2,O2 vacancy,79,5.60123156,-10.5305,-16.13173156,0.0
vacancy_O2,O2 vacancy,79,5.60123156,-10.4169,-16.01813156,0.0
vacancy_O2,O2 vacancy,79,5.60123156,-10.3033,-15.90453156,0.0
vacancy_O2,O2 vacancy,79,5.60123156,-10.1898,-15.79103156,0.0
vacancy_O2,O2 vacancy,79,5.60123156,-10.0762,-15.67743156,0.0
vacancy_O2,O2 vacancy,79,5.60123156,-9.9626,-15.56383156,0.0
vacancy_O2,O2 vacancy,79,5.60123156,-9.849,-15.45023156,0.0
vacancy_O2,O2 vacancy,79,5.60123156,-9.7355,-15.33673156,0.0
vacancy_O2,O2 vacancy,79,5.60123156,-9.6219,-15.22313156,0.0
vacancy_O2,O2 vacancy,79,5.60123156,-9.5083,-15.10953156,0.00024050632911392405
vacancy_O2,O2 vacancy,79,5.60123156,-9.3947,-14.99593156,0.023067088607594936
vacancy_O2,O2 vacancy,79,5.60123156,-9.2811,-14.88233156,0.4012658227848101
vacancy_O2,O2 vacancy,79,5.60123156,-9.1676,-14.76883156,1.8680556962025316
vacancy_O2,O2 vacancy,79,5.60123156,-9.054,-14.65523156,3.843173417721519
vacancy_O2,O2 vacancy,79,5.60123156,-8.9404,-14.54163156,5.467320253164557
vacancy_O2,O2 vacancy,79,5.60123156,-8.8268,-14.42803156,5.55719746835443
vacancy_O2,O2 vacancy,79,5.60123156,-8.7132,-14.314431560000001,4.712789873417722
vacancy_O2,O2 vacancy,79,5.60123156,-8.5997,-14.20093156,4.363484810126582
vacancy_O2,O2 vacancy,79,5.60123156,-8.4861,-14.08733156,2.9421999999999997
vacancy_O2,O2 vacancy,79,5.60123156,-8.3725,-13.973731560000001,1.6367696202531645
vacancy_O2,O2 vacancy,79,5.60123156,-8.2589,-13.860131560000001,1.340407594936709
vacancy_O2,O2 vacancy,79,5.60123156,-8.1454,-13.74663156,1.0446569620253165
vacancy_O2,O2 vacancy,79,5.60123156,-8.0318,-13.633031560000001,0.9237582278481012
vacancy_O2,O2 vacancy,79,5.60123156,-7.9182,-13.519431560000001,0.8039430379746835
vacancy_O2,O2 vacancy,79,5.60123156,-7.8046,-13.40583156,0.531059493670886
vacancy_O2,O2 vacancy,79,5.60123156,-7.691,-13.292231560000001,0.18823037974683546
vacancy_O2,O2 vacancy,79,5.60123156,-7.5775,-13.17873156,0.015821518987341774
vacancy_O2,O2 vacancy,79,5.60123156,-7.4639,-13.065131560000001,0.0001962025316455696
vacancy_O2,O2 vacancy,79,5.60123156,-7.3503,-12.95153156,0.0
vacancy_O2,O2 vacancy,79,5.60123156,-7.2367,-12.837931560000001,0.0
vacancy_O2,O2 vacancy,79,5.60123156,-7.1231,-12.72433156,0.0
vacancy_O2,O2 vacancy,79,5.60123156,-7.0096,-12.610831560000001,0.0
vacancy_O2,O2 vacancy,79,5.60123156,-6.896,-12.49723156,0.0
vacancy_O2,O2 vacancy,79,5.60123156,-6.7824,-12.383631560000001,0.0
vacancy_O2,O2 vacancy,79,5.60123156,-6.6688,-12.27003156,0.0
vacancy_O2,O2 vacancy,79,5.60123156,-6.5552,-12.156431560000001,0.0
vacancy_O2,O2 vacancy,79,5.60123156,-6.4417,-12.04293156,0.0
vacancy_O2,O2 vacancy,79,5.60123156,-6.3281,-11.929331560000001,0.0
vacancy_O2,O2 vacancy,79,5.60123156,-6.2145,-11.81573156,0.0
vacancy_O2,O2 vacancy,79,5.60123156,-6.1009,-11.702131560000002,0.0
vacancy_O2,O2 vacancy,79,5.60123156,-5.9874,-11.58863156,0.0
vacancy_O2,O2 vacancy,79,5.60123156,-5.8738,-11.475031560000001,0.0
vacancy_O2,O2 vacancy,79,5.60123156,-5.7602,-11.36143156,0.0
vacancy_O2,O2 vacancy,79,5.60123156,-5.6466,-11.247831560000002,0.0
vacancy_O2,O2 vacancy,79,5.60123156,-5.533,-11.13423156,0.0
vacancy_O2,O2 vacancy,79,5.60123156,-5.4195,-11.020731560000002,0.0
vacancy_O2,O2 vacancy,79,5.60123156,-5.3059,-10.90713156,0.0
vacancy_O2,O2 vacancy,79,5.60123156,-5.1923,-10.793531560000002,0.0
vacancy_O2,O2 vacancy,79,5.60123156,-5.0787,-10.67993156,0.0
vacancy_O2,O2 vacancy,79,5.60123156,-4.9651,-10.56633156,0.0
vacancy_O2,O2 vacancy,79,5.60123156,-4.8516,-10.45283156,0.0
vacancy_O2,O2 vacancy,79,5.60123156,-4.738,-10.339231560000002,0.0
vacancy_O2,O2 vacancy,79,5.60123156,-4.6244,-10.22563156,0.0
vacancy_O2,O2 vacancy,79,5.60123156,-4.5108,-10.11203156,0.0
vacancy_O2,O2 vacancy,79,5.60123156,-4.3973,-9.99853156,0.0
vacancy_O2,O2 vacancy,79,5.60123156,-4.2837,-9.88493156,0.0
vacancy_O2,O2 vacancy,79,5.60123156,-4.1701,-9.77133156,0.0
vacancy_O2,O2 vacancy,79,5.60123156,-4.0565,-9.65773156,0.0
vacancy_O2,O2 vacancy,79,5.60123156,-3.9429,-9.54413156,0.0
vacancy_O2,O2 vacancy,79,5.60123156,-3.8294,-9.43063156,0.0
vacancy_O2,O2 vacancy,79,5.60123156,-3.7158,-9.31703156,0.0
vacancy_O2,O2 vacancy,79,5.60123156,-3.6022,-9.20343156,0.0
vacancy_O2,O2 vacancy,79,5.60123156,-3.4886,-9.08983156,2.151898734177215e-05
vacancy_O2,O2 vacancy,79,5.60123156,-3.375,-8.97623156,0.0018012658227848101
vacancy_O2,O2 vacancy,79,5.60123156,-3.2615,-8.86273156,0.02377721518987342
vacancy_O2,O2 vacancy,79,5.60123156,-3.1479,-8.74913156,0.08576835443037974
vacancy_O2,O2 vacancy,79,5.60123156,-3.0343,-8.63553156,0.15266582278481014
vacancy_O2,O2 vacancy,79,5.60123156,-2.9207,-8.52193156,0.23758860759493672
vacancy_O2,O2 vacancy,79,5.60123156,-2.8071,-8.40833156,0.2738936708860759
vacancy_O2,O2 vacancy,79,5.60123156,-2.6936,-8.29483156,0.3059075949367088
vacancy_O2,O2 vacancy,79,5.60123156,-2.58,-8.18123156,0.35176329113924054
vacancy_O2,O2 vacancy,79,5.60123156,-2.4664,-8.06763156,0.3935379746835443
vacancy_O2,O2 vacancy,79,5.60123156,-2.3528,-7.954031560000001,0.429873417721519
vacancy_O2,O2 vacancy,79,5.60123156,-2.2393,-7.8405315600000005,0.4542139240506329
vacancy_O2,O2 vacancy,79,5.60123156,-2.1257,-7.726931560000001,0.45470379746835443
vacancy_O2,O2 vacancy,79,5.60123156,-2.0121,-7.613331560000001,0.4178886075949367
vacancy_O2,O2 vacancy,79,5.60123156,-1.8985,-7.499731560000001,0.3811886075949367
vacancy_O2,O2 vacancy,79,5.60123156,-1.7849,-7.386131560000001,0.3654
vacancy_O2,O2 vacancy,79,5.60123156,-1.6714,-7.272631560000001,0.2842405063291139
vacancy_O2,O2 vacancy,79,5.60123156,-1.5578,-7.159031560000001,0.25995189873417723
vacancy_O2,O2 vacancy,79,5.60123156,-1.4442,-7.045431560000001,0.2827886075949367
vacancy_O2,O2 vacancy,79,5.60123156,-1.3306,-6.931831560000001,0.2776848101265823
vacancy_O2,O2 vacancy,79,5.60123156,-1.217,-6.818231560000001,0.2917746835443038
vacancy_O2,O2 vacancy,79,5.60123156,-1.1035,-6.704731560000001,0.31084303797468354
vacancy_O2,O2 vacancy,79,5.60123156,-0.9899,-6.591131560000001,0.2976025316455696
vacancy_O2,O2 vacancy,79,5.60123156,-0.8763,-6.47753156,0.3152620253164557
vacancy_O2,O2 vacancy,79,5.60123156,-0.7627,-6.36393156,0.32734683544303794
vacancy_O2,O2 vacancy,79,5.60123156,-0.6492,-6.250431560000001,0.3279493670886076
vacancy_O2,O2 vacancy,79,5.60123156,-0.5356,-6.13683156,0.34612278481012654
vacancy_O2,O2 vacancy,79,5.60123156,-0.422,-6.02323156,0.3392518987341772
vacancy_O2,O2 vacancy,79,5.60123156,-0.3084,-5.90963156,0.36808354430379747
vacancy_O2,O2 vacancy,79,5.60123156,-0.1948,-5.79603156,0.4033860759493671
vacancy_O2,O2 vacancy,79,5.60123156,-0.0813,-5.68253156,0.46027341772151903
vacancy_O2,O2 vacancy,79,5.60123156,0.0323,-5.56893156,0.49886708860759493
vacancy_O2,O2 vacancy,79,5.60123156,0.1459,-5.45533156,0.5260911392405063
vacancy_O2,O2 vacancy,79,5.60123156,0.2595,-5.34173156,0.5606784810126582
vacancy_O2,O2 vacancy,79,5.60123156,0.3731,-5.2281315600000005,0.5822253164556962
vacancy_O2,O2 vacancy,79,5.60123156,0.4866,-5.11463156,0.5939392405063291
vacancy_O2,O2 vacancy,79,5.60123156,0.6002,-5.00103156,0.5669139240506329
vacancy_O2,O2 vacancy,79,5.60123156,0.7138,-4.8874315600000005,0.564073417721519
vacancy_O2,O2 vacancy,79,5.60123156,0.8274,-4.7738315600000005,0.5669632911392405
vacancy_O2,O2 vacancy,79,5.60123156,0.941,-4.660231560000001,0.5878506329113924
vacancy_O2,O2 vacancy,79,5.60123156,1.0545,-4.5467315600000004,0.6368987341772152
vacancy_O2,O2 vacancy,79,5.60123156,1.1681,-4.4331315600000005,0.6547493670886076
vacancy_O2,O2 vacancy,79,5.60123156,1.2817,-4.319531560000001,0.5635329113924051
vacancy_O2,O2 vacancy,79,5.60123156,1.3953,-4.205931560000001,0.5539303797468355
vacancy_O2,O2 vacancy,79,5.60123156,1.5088,-4.0924315600000005,0.6872405063291139
vacancy_O2,O2 vacancy,79,5.60123156,1.6224,-3.9788315600000006,0.7566101265822784
vacancy_O2,O2 vacancy,79,5.60123156,1.736,-3.8652315600000007,0.7237379746835443
vacancy_O2,O2 vacancy,79,5.60123156,1.8496,-3.7516315600000008,0.6486974683544304
vacancy_O2,O2 vacancy,79,5.60123156,1.9632,-3.6380315600000004,0.5456708860759494
vacancy_O2,O2 vacancy,79,5.60123156,2.0767,-3.5245315600000002,0.4634569620253165
vacancy_O2,O2 vacancy,79,5.60123156,2.1903,-3.4109315600000003,0.5212037974683544
vacancy_O2,O2 vacancy,79,5.60123156,2.3039,-3.2973315600000004,0.6826303797468354
vacancy_O2,O2 vacancy,79,5.60123156,2.4175,-3.1837315600000005,0.7942873417721519
vacancy_O2,O2 vacancy,79,5.60123156,2.5311,-3.0701315600000005,0.8328810126582279
vacancy_O2,O2 vacancy,79,5.60123156,2.6446,-2.9566315600000004,0.8464898734177214
vacancy_O2,O2 vacancy,79,5.60123156,2.7582,-2.8430315600000005,0.8980443037974682
vacancy_O2,O2 vacancy,79,5.60123156,2.8718,-2.7294315600000005,0.9765645569620254
vacancy_O2,O2 vacancy,79,5.60123156,2.9854,-2.6158315600000006,1.0027708860759494
vacancy_O2,O2 vacancy,79,5.60123156,3.0989,-2.5023315600000005,0.9753291139240506
vacancy_O2,O2 vacancy,79,5.60123156,3.2125,-2.3887315600000005,0.8902265822784811
vacancy_O2,O2 vacancy,79,5.60123156,3.3261,-2.2751315600000006,0.6890784810126582
vacancy_O2,O2 vacancy,79,5.60123156,3.4397,-2.1615315600000002,0.4225
vacancy_O2,O2 vacancy,79,5.60123156,3.5533,-2.0479315600000003,0.409373417721519
vacancy_O2,O2 vacancy,79,5.60123156,3.6668,-1.9344315600000006,0.48713291139240505
vacancy_O2,O2 vacancy,79,5.60123156,3.7804,-1.8208315600000002,0.3520291139240507
vacancy_O2,O2 vacancy,79,5.60123156,3.894,-1.7072315600000003,0.1322481012658228
vacancy_O2,O2 vacancy,79,5.60123156,4.0076,-1.5936315600000004,0.01099620253164557
vacancy_O2,O2 vacancy,79,5.60123156,4.1212,-1.4800315600000005,0.000110126582278481
vacancy_O2,O2 vacancy,79,5.60123156,4.2347,-1.3665315600000003,0.0
vacancy_O2,O2 vacancy,79,5.60123156,4.3483,-1.2529315600000004,4.5569620253164554e-05
vacancy_O2,O2 vacancy,79,5.60123156,4.4619,-1.1393315600000005,0.000991139240506329
vacancy_O2,O2 vacancy,79,5.60123156,4.5755,-1.0257315600000005,0.0036037974683544305
vacancy_O2,O2 vacancy,79,5.60123156,4.6891,-0.9121315600000006,0.016531645569620255
vacancy_O2,O2 vacancy,79,5.60123156,4.8026,-0.7986315600000005,0.04559240506329114
vacancy_O2,O2 vacancy,79,5.60123156,4.9162,-0.6850315600000005,0.05086202531645569
vacancy_O2,O2 vacancy,79,5.60123156,5.0298,-0.5714315600000006,0.05544050632911393
vacancy_O2,O2 vacancy,79,5.60123156,5.1434,-0.4578315600000007,0.041131645569620255
vacancy_O2,O2 vacancy,79,5.60123156,5.2569,-0.34433156000000054,0.00839240506329114
vacancy_O2,O2 vacancy,79,5.60123156,5.3705,-0.2307315600000006,0.0003050632911392405
vacancy_O2,O2 vacancy,79,5.60123156,5.4841,-0.11713156000000069,1.2658227848101267e-06
vacancy_O2,O2 vacancy,79,5.60123156,5.5977,-0.0035315600000007663,0.0
vacancy_O2,O2 vacancy,79,5.60123156,5.7113,0.11006843999999916,0.0
vacancy_O2,O2 vacancy,79,5.60123156,5.8248,0.2235684399999993,0.0
vacancy_O2,O2 vacancy,79,5.60123156,5.9384,0.33716843999999924,0.0
vacancy_O2,O2 vacancy,79,5.60123156,6.052,0.45076843999999916,0.0
vacancy_O2,O2 vacancy,79,5.60123156,6.1656,0.56436844,0.0
vacancy_O2,O2 vacancy,79,5.60123156,6.2792,0.6779684399999999,1.3924050632911393e-05
vacancy_O2,O2 vacancy,79,5.60123156,6.3927,0.7914684399999992,0.0005518987341772152
vacancy_O2,O2 vacancy,79,5.60123156,6.5063,0.90506844,0.0028860759493670885
vacancy_O2,O2 vacancy,79,5.60123156,6.6199,1.01866844,0.0076405063291139245
vacancy_O2,O2 vacancy,79,5.60123156,6.7335,1.1322684399999998,0.015164556962025316
vacancy_O2,O2 vacancy,79,5.60123156,6.847,1.24576844,0.01831139240506329
vacancy_O2,O2 vacancy,79,5.60123156,6.9606,1.35936844,0.025553164556962025
vacancy_O2,O2 vacancy,79,5.60123156,7.0742,1.4729684399999998,0.023622784810126585
vacancy_O2,O2 vacancy,79,5.60123156,7.1878,1.5865684399999997,0.01708607594936709
vacancy_O2,O2 vacancy,79,5.60123156,7.3014,1.7001684399999997,0.012329113924050632
vacancy_O2,O2 vacancy,79,5.60123156,7.4149,1.8136684399999998,0.025320253164556963
vacancy_O2,O2 vacancy,79,5.60123156,7.5285,1.9272684399999997,0.044575949367088606
vacancy_O2,O2 vacancy,79,5.60123156,7.6421,2.0408684399999997,0.05116329113924051
vacancy_O2,O2 vacancy,79,5.60123156,7.7557,2.1544684399999996,0.05487721518987342
vacancy_O2,O2 vacancy,79,5.60123156,7.8693,2.2680684399999995,0.06340632911392405
vacancy_O2,O2 vacancy,79,5.60123156,7.9828,2.3815684399999997,0.07218354430379746
vacancy_O2,O2 vacancy,79,5.60123156,8.0964,2.4951684399999987,0.07202025316455697
vacancy_O2,O2 vacancy,79,5.60123156,8.21,2.6087684400000004,0.08177215189873417
vacancy_O2,O2 vacancy,79,5.60123156,8.3236,2.7223684400000003,0.07309240506329114
vacancy_O2,O2 vacancy,79,5.60123156,8.4372,2.8359684400000003,0.08147468354430379
vacancy_O2,O2 vacancy,79,5.60123156,8.5507,2.9494684400000004,0.0825012658227848
vacancy_O2,O2 vacancy,79,5.60123156,8.6643,3.0630684400000003,0.08772784810126583
vacancy_O2,O2 vacancy,79,5.60123156,8.7779,3.1766684400000003,0.13293417721518985
vacancy_O2,O2 vacancy,79,5.60123156,8.8915,3.29026844,0.1270240506329114
vacancy_O2,O2 vacancy,79,5.60123156,9.005,3.4037684400000003,0.12013544303797469
vacancy_O2,O2 vacancy,79,5.60123156,9.1186,3.5173684400000003,0.14767215189873417
vacancy_O2,O2 vacancy,79,5.60123156,9.2322,3.63096844,0.15142278481012658
vacancy_O2,O2 vacancy,79,5.60123156,9.3458,3.74456844,0.18745949367088607
vacancy_O2,O2 vacancy,79,5.60123156,9.4594,3.85816844,0.21519620253164556
vacancy_O2,O2 vacancy,79,5.60123156,9.5729,3.97166844,0.25091012658227846
vacancy_O2,O2 vacancy,79,5.60123156,9.6865,4.08526844,0.30754810126582277
vacancy_O2,O2 vacancy,79,5.60123156,9.8001,4.19886844,0.3033379746835443
vacancy_O2,O2 vacancy,79,5.60123156,9.9137,4.31246844,0.28804050632911393
vacancy_O2,O2 vacancy,79,5.60123156,10.0273,4.42606844,0.2916037974683544
vacancy_O2,O2 vacancy,79,5.60123156,10.1408,4.53956844,0.29990379746835444
vacancy_O2,O2 vacancy,79,5.60123156,10.2544,4.65316844,0.332253164556962
vacancy_O2,O2 vacancy,79,5.60123156,10.368,4.76676844,0.33610759493670883
vacancy_O2,O2 vacancy,79,5.60123156,10.4816,4.88036844,0.30719746835443035
vacancy_O2,O2 vacancy,79,5.60123156,10.5951,4.99386844,0.2988493670886076
vacancy_O2,O2 vacancy,79,5.60123156,10.7087,5.10746844,0.2618797468354431
vacancy_O2,O2 vacancy,79,5.60123156,10.8223,5.22106844,0.2494632911392405
vacancy_O2,O2 vacancy,79,5.60123156,10.9359,5.33466844,0.2739607594936709
vacancy_O2,O2 vacancy,79,5.60123156,11.0495,5.44826844,0.28538101265822785
vacancy_O2,O2 vacancy,79,5.60123156,11.163,5.56176844,0.2910253164556962
vacancy_O2,O2 vacancy,79,5.60123156,11.2766,5.67536844,0.29132911392405064
vacancy_O2,O2 vacancy,79,5.60123156,11.3902,5.78896844,0.28010886075949365
vacancy_O2,O2 vacancy,79,5.60123156,11.5038,5.90256844,0.28668481012658226
vacancy_O2,O2 vacancy,79,5.60123156,11.6174,6.0161684399999995,0.2676632911392405
vacancy_O2,O2 vacancy,79,5.60123156,11.7309,6.12966844,0.20830506329113924
vacancy_O2,O2 vacancy,79,5.60123156,11.8445,6.24326844,0.1864367088607595
vacancy_O2,O2 vacancy,79,5.60123156,11.9581,6.3568684399999995,0.2440860759493671
vacancy_O2,O2 vacancy,79,5.60123156,12.0717,6.470468439999999,0.2884101265822785
vacancy_O2,O2 vacancy,79,5.60123156,12.1853,6.584068439999999,0.29342278481012657
vacancy_O2,O2 vacancy,79,5.60123156,12.2988,6.6975684399999995,0.2939873417721519
vacancy_O2,O2 vacancy,79,5.60123156,12.4124,6.811168439999999,0.31745569620253167
vacancy_O2,O2 vacancy,79,5.60123156,12.526,6.924768439999999,0.3598481012658228
vacancy_O2,O2 vacancy,79,5.60123156,12.6396,7.038368439999999,0.3656898734177215
vacancy_O2,O2 vacancy,79,5.60123156,12.7531,7.151868439999999,0.30616708860759495
vacancy_O2,O2 vacancy,79,5.60123156,12.8667,7.265468439999999,0.322279746835443
vacancy_O2,O2 vacancy,79,5.60123156,12.9803,7.379068439999999,0.32102151898734177
vacancy_O2,O2 vacancy,79,5.60123156,13.0939,7.492668439999999,0.2776227848101266
vacancy_O2,O2 vacancy,79,5.60123156,13.2075,7.606268439999999,0.29050886075949367
vacancy_O2,O2 vacancy,79,5.60123156,13.321,7.719768439999999,0.3740113924050633
vacancy_O2,O2 vacancy,79,5.60123156,13.4346,7.833368439999999,0.3782974683544304
vacancy_O2,O2 vacancy,79,5.60123156,13.5482,7.946968439999999,0.34201772151898735
vacancy_O2,O2 vacancy,79,5.60123156,13.6618,8.060568439999999,0.33017974683544304
vacancy_O2,O2 vacancy,79,5.60123156,13.7754,8.174168439999999,0.3718860759493671
vacancy_O2,O2 vacancy,79,5.60123156,13.8889,8.28766844,0.33518987341772155
vacancy_O2,O2 vacancy,79,5.60123156,14.0025,8.401268439999999,0.27089113924050634
vacancy_O2,O2 vacancy,79,5.60123156,14.1161,8.514868439999999,0.2551151898734177
vacancy_O2,O2 vacancy,79,5.60123156,14.2297,8.628468439999999,0.24781898734177216
vacancy_O2,O2 vacancy,79,5.60123156,14.3432,8.741968439999999,0.27217848101265824
vacancy_O2,O2 vacancy,79,5.60123156,14.4568,8.855568439999999,0.2866405063291139
vacancy_O2,O2 vacancy,79,5.60123156,14.5704,8.969168439999999,0.3183291139240506
vacancy_O2,O2 vacancy,79,5.60123156,14.684,9.082768439999999,0.32934810126582276
vacancy_O2,O2 vacancy,79,5.60123156,14.7976,9.196368439999999,0.34640506329113924
vacancy_O2,O2 vacancy,79,5.60123156,14.9111,9.309868439999999,0.3576886075949367
vacancy_O2,O2 vacancy,79,5.60123156,15.0247,9.423468439999999,0.37237848101265825
vacancy_O2,O2 vacancy,79,5.60123156,15.1383,9.537068439999999,0.39551898734177215
vacancy_O2,O2 vacancy,79,5.60123156,15.2519,9.650668439999999,0.39439113924050634
vacancy_O2,O2 vacancy,79,5.60123156,15.3655,9.76426844,0.3277949367088608
vacancy_O2,O2 vacancy,79,5.60123156,15.479,9.877768439999999,0.2209
vacancy_O2,O2 vacancy,79,5.60123156,15.5926,9.991368439999999,0.17596582278481013
vacancy_O2,O2 vacancy,79,5.60123156,15.7062,10.10496844,0.12765443037974683
vacancy_O2,O2 vacancy,79,5.60123156,15.8198,10.21856844,0.06881012658227847
vacancy_O2,O2 vacancy,79,5.60123156,15.9334,10.33216844,0.024689873417721518
vacancy_O2,O2 vacancy,79,5.60123156,16.0469,10.44566844,0.002750632911392405
vacancy_O2,O2 vacancy,79,5.60123156,16.1605,10.559268439999999,5.1898734177215194e-05
vacancy_O2,O2 vacancy,79,5.60123156,16.2741,10.67286844,0.0
vacancy_O2,O2 vacancy,79,5.60123156,16.3877,10.786468439999998,0.0
vacancy_O2,O2 vacancy,79,5.60123156,16.5012,10.89996844,0.0
vacancy_O2,O2 vacancy,79,5.60123156,16.6148,11.013568439999998,0.0
vacancy_O2,O2 vacancy,79,5.60123156,16.7284,11.12716844,0.0
vacancy_O2,O2 vacancy,79,5.60123156,16.842,11.240768439999998,0.0
vacancy_O2,O2 vacancy,79,5.60123156,16.9556,11.35436844,0.0
vacancy_O2,O2 vacancy,79,5.60123156,17.0691,11.467868439999998,0.0
vacancy_O2,O2 vacancy,79,5.60123156,17.1827,11.58146844,0.0
vacancy_O2,O2 vacancy,79,5.60123156,17.2963,11.695068439999998,0.0
vacancy_O2,O2 vacancy,79,5.60123156,17.4099,11.80866844,0.0
vacancy_O3,O3 vacancy,79,5.38935788,-16.6711,-22.06045788,0.0
vacancy_O3,O3 vacancy,79,5.38935788,-16.5574,-21.94675788,0.0
vacancy_O3,O3 vacancy,79,5.38935788,-16.4437,-21.83305788,0.0
vacancy_O3,O3 vacancy,79,5.38935788,-16.3301,-21.71945788,0.0
vacancy_O3,O3 vacancy,79,5.38935788,-16.2164,-21.60575788,0.0
vacancy_O3,O3 vacancy,79,5.38935788,-16.1027,-21.492057879999997,0.0
vacancy_O3,O3 vacancy,79,5.38935788,-15.989,-21.378357880000003,0.0
vacancy_O3,O3 vacancy,79,5.38935788,-15.8754,-21.26475788,0.0
vacancy_O3,O3 vacancy,79,5.38935788,-15.7617,-21.15105788,0.0
vacancy_O3,O3 vacancy,79,5.38935788,-15.648,-21.037357880000002,0.0
vacancy_O3,O3 vacancy,79,5.38935788,-15.5343,-20.92365788,0.0
vacancy_O3,O3 vacancy,79,5.38935788,-15.4207,-20.810057880000002,0.0
vacancy_O3,O3 vacancy,79,5.38935788,-15.307,-20.69635788,3.5443037974683544e-05
vacancy_O3,O3 vacancy,79,5.38935788,-15.1933,-20.58265788,0.0026265822784810127
vacancy_O3,O3 vacancy,79,5.38935788,-15.0796,-20.468957879999998,0.03062151898734177
vacancy_O3,O3 vacancy,79,5.38935788,-14.9659,-20.35525788,0.0871379746835443
vacancy_O3,O3 vacancy,79,5.38935788,-14.8523,-20.241657879999998,0.14888354430379747
vacancy_O3,O3 vacancy,79,5.38935788,-14.7386,-20.12795788,0.2035481012658228
vacancy_O3,O3 vacancy,79,5.38935788,-14.6249,-20.014257880000002,0.23083544303797468
vacancy_O3,O3 vacancy,79,5.38935788,-14.5112,-19.90055788,0.20856075949367087
vacancy_O3,O3 vacancy,79,5.38935788,-14.3976,-19.786957880000003,0.25600379746835444
vacancy_O3,O3 vacancy,79,5.38935788,-14.2839,-19.67325788,0.3283873417721519
vacancy_O3,O3 vacancy,79,5.38935788,-14.1702,-19.55955788,0.4495569620253165
vacancy_O3,O3 vacancy,79,5.38935788,-14.0565,-19.44585788,0.6061911392405063
vacancy_O3,O3 vacancy,79,5.38935788,-13.9429,-19.33225788,0.7954481012658228
vacancy_O3,O3 vacancy,79,5.38935788,-13.8292,-19.21855788,0.8938974683544304
vacancy_O3,O3 vacancy,79,5.38935788,-13.7155,-19.10485788,1.030720253164557
vacancy_O3,O3 vacancy,79,5.38935788,-13.6018,-18.991157880000003,1.067518987341772
vacancy_O3,O3 vacancy,79,5.38935788,-13.4881,-18.87745788,1.017579746835443
vacancy_O3,O3 vacancy,79,5.38935788,-13.3745,-18.76385788,1.2782670886075949
vacancy_O3,O3 vacancy,79,5.38935788,-13.2608,-18.650157880000002,1.1318227848101265
vacancy_O3,O3 vacancy,79,5.38935788,-13.1471,-18.53645788,0.4424594936708861
vacancy_O3,O3 vacancy,79,5.38935788,-13.0334,-18.42275788,0.16757088607594936
vacancy_O3,O3 vacancy,79,5.38935788,-12.9198,-18.30915788,0.08262911392405063
vacancy_O3,O3 vacancy,79,5.38935788,-12.8061,-18.19545788,0.0067746835443037974
vacancy_O3,O3 vacancy,79,5.38935788,-12.6924,-18.081757879999998,5.569620253164557e-05
vacancy_O3,O3 vacancy,79,5.38935788,-12.5787,-17.96805788,0.0
vacancy_O3,O3 vacancy,79,5.38935788,-12.4651,-17.85445788,0.0
vacancy_O3,O3 vacancy,79,5.38935788,-12.3514,-17.74075788,0.0
vacancy_O3,O3 vacancy,79,5.38935788,-12.2377,-17.627057880000002,0.0
vacancy_O3,O3 vacancy,79,5.38935788,-12.124,-17.51335788,0.0
vacancy_O3,O3 vacancy,79,5.38935788,-12.0103,-17.39965788,0.0
vacancy_O3,O3 vacancy,79,5.38935788,-11.8967,-17.28605788,0.0
vacancy_O3,O3 vacancy,79,5.38935788,-11.783,-17.17235788,0.0
vacancy_O3,O3 vacancy,79,5.38935788,-11.6693,-17.05865788,0.0
vacancy_O3,O3 vacancy,79,5.38935788,-11.5556,-16.94495788,0.0
vacancy_O3,O3 vacancy,79,5.38935788,-11.442,-16.83135788,0.0
vacancy_O3,O3 vacancy,79,5.38935788,-11.3283,-16.71765788,0.0
vacancy_O3,O3 vacancy,79,5.38935788,-11.2146,-16.603957880000003,0.0
vacancy_O3,O3 vacancy,79,5.38935788,-11.1009,-16.49025788,0.0
vacancy_O3,O3 vacancy,79,5.38935788,-10.9872,-16.37655788,0.0
vacancy_O3,O3 vacancy,79,5.38935788,-10.8736,-16.262957880000002,0.0
vacancy_O3,O3 vacancy,79,5.38935788,-10.7599,-16.14925788,0.0
vacancy_O3,O3 vacancy,79,5.38935788,-10.6462,-16.03555788,0.0
vacancy_O3,O3 vacancy,79,5.38935788,-10.5325,-15.921857880000001,0.0
vacancy_O3,O3 vacancy,79,5.38935788,-10.4189,-15.808257880000001,0.0
vacancy_O3,O3 vacancy,79,5.38935788,-10.3052,-15.69455788,0.0
vacancy_O3,O3 vacancy,79,5.38935788,-10.1915,-15.58085788,0.0
vacancy_O3,O3 vacancy,79,5.38935788,-10.0778,-15.46715788,0.0
vacancy_O3,O3 vacancy,79,5.38935788,-9.9642,-15.35355788,0.0
vacancy_O3,O3 vacancy,79,5.38935788,-9.8505,-15.23985788,0.0
vacancy_O3,O3 vacancy,79,5.38935788,-9.7368,-15.126157880000001,0.0
vacancy_O3,O3 vacancy,79,5.38935788,-9.6231,-15.012457880000001,0.0
vacancy_O3,O3 vacancy,79,5.38935788,-9.5094,-14.89875788,0.0002088607594936709
vacancy_O3,O3 vacancy,79,5.38935788,-9.3958,-14.78515788,0.018012658227848102
vacancy_O3,O3 vacancy,79,5.38935788,-9.2821,-14.67145788,0.3172860759493671
vacancy_O3,O3 vacancy,79,5.38935788,-9.1684,-14.55775788,1.6368088607594935
vacancy_O3,O3 vacancy,79,5.38935788,-9.0547,-14.44405788,3.5866101265822783
vacancy_O3,O3 vacancy,79,5.38935788,-8.9411,-14.33045788,5.361249367088607
vacancy_O3,O3 vacancy,79,5.38935788,-8.8274,-14.216757880000001,5.851344303797468
vacancy_O3,O3 vacancy,79,5.38935788,-8.7137,-14.10305788,5.1013215189873415
vacancy_O3,O3 vacancy,79,5.38935788,-8.6,-13.98935788,4.547937974683545
vacancy_O3,O3 vacancy,79,5.38935788,-8.4864,-13.87575788,3.187087341772152
vacancy_O3,O3 vacancy,79,5.38935788,-8.3727,-13.76205788,1.5963974683544302
vacancy_O3,O3 vacancy,79,5.38935788,-8.259,-13.64835788,1.0642493670886075
vacancy_O3,O3 vacancy,79,5.38935788,-8.1453,-13.534657880000001,0.911332911392405
vacancy_O3,O3 vacancy,79,5.38935788,-8.0316,-13.42095788,0.9158379746835443
vacancy_O3,O3 vacancy,79,5.38935788,-7.918,-13.307357880000001,0.8829784810126583
vacancy_O3,O3 vacancy,79,5.38935788,-7.8043,-13.19365788,0.5279405063291139
vacancy_O3,O3 vacancy,79,5.38935788,-7.6906,-13.07995788,0.11828227848101266
vacancy_O3,O3 vacancy,79,5.38935788,-7.5769,-12.96625788,0.007808860759493671
vacancy_O3,O3 vacancy,79,5.38935788,-7.4633,-12.85265788,0.00010253164556962025
vacancy_O3,O3 vacancy,79,5.38935788,-7.3496,-12.738957880000001,0.0
vacancy_O3,O3 vacancy,79,5.38935788,-7.2359,-12.62525788,0.0
vacancy_O3,O3 vacancy,79,5.38935788,-7.1222,-12.511557880000002,0.0
vacancy_O3,O3 vacancy,79,5.38935788,-7.0086,-12.39795788,0.0
vacancy_O3,O3 vacancy,79,5.38935788,-6.8949,-12.28425788,0.0
vacancy_O3,O3 vacancy,79,5.38935788,-6.7812,-12.17055788,0.0
vacancy_O3,O3 vacancy,79,5.38935788,-6.6675,-12.05685788,0.0
vacancy_O3,O3 vacancy,79,5.38935788,-6.5538,-11.943157880000001,0.0
vacancy_O3,O3 vacancy,79,5.38935788,-6.4402,-11.82955788,0.0
vacancy_O3,O3 vacancy,79,5.38935788,-6.3265,-11.715857880000002,0.0
vacancy_O3,O3 vacancy,79,5.38935788,-6.2128,-11.60215788,0.0
vacancy_O3,O3 vacancy,79,5.38935788,-6.0991,-11.48845788,0.0
vacancy_O3,O3 vacancy,79,5.38935788,-5.9855,-11.37485788,0.0
vacancy_O3,O3 vacancy,79,5.38935788,-5.8718,-11.26115788,0.0
vacancy_O3,O3 vacancy,79,5.38935788,-5.7581,-11.147457880000001,0.0
vacancy_O3,O3 vacancy,79,5.38935788,-5.6444,-11.03375788,0.0
vacancy_O3,O3 vacancy,79,5.38935788,-5.5307,-10.920057880000002,0.0
vacancy_O3,O3 vacancy,79,5.38935788,-5.4171,-10.80645788,0.0
vacancy_O3,O3 vacancy,79,5.38935788,-5.3034,-10.69275788,0.0
vacancy_O3,O3 vacancy,79,5.38935788,-5.1897,-10.57905788,0.0
vacancy_O3,O3 vacancy,79,5.38935788,-5.076,-10.46535788,0.0
vacancy_O3,O3 vacancy,79,5.38935788,-4.9624,-10.351757880000001,0.0
vacancy_O3,O3 vacancy,79,5.38935788,-4.8487,-10.23805788,0.0
vacancy_O3,O3 vacancy,79,5.38935788,-4.735,-10.124357880000002,0.0
vacancy_O3,O3 vacancy,79,5.38935788,-4.6213,-10.01065788,0.0
vacancy_O3,O3 vacancy,79,5.38935788,-4.5077,-9.89705788,0.0
vacancy_O3,O3 vacancy,79,5.38935788,-4.394,-9.78335788,0.0
vacancy_O3,O3 vacancy,79,5.38935788,-4.2803,-9.66965788,0.0
vacancy_O3,O3 vacancy,79,5.38935788,-4.1666,-9.555957880000001,0.0
vacancy_O3,O3 vacancy,79,5.38935788,-4.0529,-9.44225788,0.0
vacancy_O3,O3 vacancy,79,5.38935788,-3.9393,-9.32865788,0.0
vacancy_O3,O3 vacancy,79,5.38935788,-3.8256,-9.21495788,0.0
vacancy_O3,O3 vacancy,79,5.38935788,-3.7119,-9.10125788,0.0
vacancy_O3,O3 vacancy,79,5.38935788,-3.5982,-8.98755788,0.0
vacancy_O3,O3 vacancy,79,5.38935788,-3.4846,-8.87395788,1.89873417721519e-05
vacancy_O3,O3 vacancy,79,5.38935788,-3.3709,-8.760257880000001,0.001682278481012658
vacancy_O3,O3 vacancy,79,5.38935788,-3.2572,-8.64655788,0.02268354430379747
vacancy_O3,O3 vacancy,79,5.38935788,-3.1435,-8.53285788,0.0809746835443038
vacancy_O3,O3 vacancy,79,5.38935788,-3.0299,-8.41925788,0.1439873417721519
vacancy_O3,O3 vacancy,79,5.38935788,-2.9162,-8.30555788,0.23450253164556964
vacancy_O3,O3 vacancy,79,5.38935788,-2.8025,-8.19185788,0.2804620253164557
vacancy_O3,O3 vacancy,79,5.38935788,-2.6888,-8.078157880000001,0.2874455696202532
vacancy_O3,O3 vacancy,79,5.38935788,-2.5751,-7.96445788,0.3503354430379747
vacancy_O3,O3 vacancy,79,5.38935788,-2.4615,-7.85085788,0.40429493670886074
vacancy_O3,O3 vacancy,79,5.38935788,-2.3478,-7.73715788,0.4389974683544304
vacancy_O3,O3 vacancy,79,5.38935788,-2.2341,-7.62345788,0.47474303797468353
vacancy_O3,O3 vacancy,79,5.38935788,-2.1204,-7.50975788,0.44999493670886076
vacancy_O3,O3 vacancy,79,5.38935788,-2.0068,-7.3961578800000005,0.4004455696202532
vacancy_O3,O3 vacancy,79,5.38935788,-1.8931,-7.282457880000001,0.3838139240506329
vacancy_O3,O3 vacancy,79,5.38935788,-1.7794,-7.16875788,0.3743291139240506
vacancy_O3,O3 vacancy,79,5.38935788,-1.6657,-7.055057880000001,0.2990886075949367
vacancy_O3,O3 vacancy,79,5.38935788,-1.552,-6.94135788,0.2726924050632911
vacancy_O3,O3 vacancy,79,5.38935788,-1.4384,-6.82775788,0.2779189873417722
vacancy_O3,O3 vacancy,79,5.38935788,-1.3247,-6.71405788,0.270979746835443
vacancy_O3,O3 vacancy,79,5.38935788,-1.211,-6.600357880000001,0.31471898734177217
vacancy_O3,O3 vacancy,79,5.38935788,-1.0973,-6.48665788,0.31373164556962024
vacancy_O3,O3 vacancy,79,5.38935788,-0.9837,-6.37305788,0.2738607594936709
vacancy_O3,O3 vacancy,79,5.38935788,-0.87,-6.2593578800000005,0.30056582278481014
vacancy_O3,O3 vacancy,79,5.38935788,-0.7563,-6.14565788,0.31105443037974684
vacancy_O3,O3 vacancy,79,5.38935788,-0.6426,-6.03195788,0.32002151898734177
vacancy_O3,O3 vacancy,79,5.38935788,-0.529,-5.91835788,0.37125316455696206
vacancy_O3,O3 vacancy,79,5.38935788,-0.4153,-5.804657880000001,0.3534215189873418
vacancy_O3,O3 vacancy,79,5.38935788,-0.3016,-5.69095788,0.3557405063291139
vacancy_O3,O3 vacancy,79,5.38935788,-0.1879,-5.57725788,0.4045405063291139
vacancy_O3,O3 vacancy,79,5.38935788,-0.0742,-5.463557880000001,0.4624455696202532
vacancy_O3,O3 vacancy,79,5.38935788,0.0394,-5.349957880000001,0.4907050632911393
vacancy_O3,O3 vacancy,79,5.38935788,0.1531,-5.23625788,0.5497101265822785
vacancy_O3,O3 vacancy,79,5.38935788,0.2668,-5.1225578800000005,0.5722670886075949
vacancy_O3,O3 vacancy,79,5.38935788,0.3805,-5.008857880000001,0.5565860759493672
vacancy_O3,O3 vacancy,79,5.38935788,0.4941,-4.895257880000001,0.5917164556962026
vacancy_O3,O3 vacancy,79,5.38935788,0.6078,-4.78155788,0.5839025316455697
vacancy_O3,O3 vacancy,79,5.38935788,0.7215,-4.667857880000001,0.5676189873417722
vacancy_O3,O3 vacancy,79,5.38935788,0.8352,-4.55415788,0.5372227848101266
vacancy_O3,O3 vacancy,79,5.38935788,0.9488,-4.44055788,0.5719683544303797
vacancy_O3,O3 vacancy,79,5.38935788,1.0625,-4.32685788,0.6287518987341773
vacancy_O3,O3 vacancy,79,5.38935788,1.1762,-4.213157880000001,0.6407873417721519
vacancy_O3,O3 vacancy,79,5.38935788,1.2899,-4.09945788,0.5773050632911393
vacancy_O3,O3 vacancy,79,5.38935788,1.4036,-3.9857578800000004,0.5867012658227848
vacancy_O3,O3 vacancy,79,5.38935788,1.5172,-3.8721578800000005,0.7096430379746835
vacancy_O3,O3 vacancy,79,5.38935788,1.6309,-3.7584578800000004,0.7405088607594936
vacancy_O3,O3 vacancy,79,5.38935788,1.7446,-3.6447578800000002,0.7043354430379747
vacancy_O3,O3 vacancy,79,5.38935788,1.8583,-3.5310578800000005,0.6327746835443038
vacancy_O3,O3 vacancy,79,5.38935788,1.9719,-3.4174578800000006,0.5387177215189873
vacancy_O3,O3 vacancy,79,5.38935788,2.0856,-3.3037578800000005,0.4790417721518987
vacancy_O3,O3 vacancy,79,5.38935788,2.1993,-3.1900578800000003,0.5682810126582278
vacancy_O3,O3 vacancy,79,5.38935788,2.313,-3.07635788,0.7009848101265823
vacancy_O3,O3 vacancy,79,5.38935788,2.4266,-2.9627578800000003,0.7763658227848101
vacancy_O3,O3 vacancy,79,5.38935788,2.5403,-2.8490578800000006,0.8046341772151898
vacancy_O3,O3 vacancy,79,5.38935788,2.654,-2.7353578800000005,0.8394392405063292
vacancy_O3,O3 vacancy,79,5.38935788,2.7677,-2.6216578800000003,0.8881949367088607
vacancy_O3,O3 vacancy,79,5.38935788,2.8814,-2.50795788,0.9832620253164557
vacancy_O3,O3 vacancy,79,5.38935788,2.995,-2.3943578800000003,0.9932240506329113
vacancy_O3,O3 vacancy,79,5.38935788,3.1087,-2.2806578800000006,0.9563708860759493
vacancy_O3,O3 vacancy,79,5.38935788,3.2224,-2.1669578800000004,0.9407189873417722
vacancy_O3,O3 vacancy,79,5.38935788,3.3361,-2.0532578800000003,0.7349050632911392
vacancy_O3,O3 vacancy,79,5.38935788,3.4497,-1.9396578800000004,0.46284936708860763
vacancy_O3,O3 vacancy,79,5.38935788,3.5634,-1.8259578800000003,0.4515569620253165
vacancy_O3,O3 vacancy,79,5.38935788,3.6771,-1.7122578800000006,0.4941341772151899
vacancy_O3,O3 vacancy,79,5.38935788,3.7908,-1.5985578800000004,0.2664303797468354
vacancy_O3,O3 vacancy,79,5.38935788,3.9045,-1.4848578800000003,0.04733670886075949
vacancy_O3,O3 vacancy,79,5.38935788,4.0181,-1.3712578800000008,0.0016949367088607593
vacancy_O3,O3 vacancy,79,5.38935788,4.1318,-1.2575578800000002,7.088607594936709e-05
vacancy_O3,O3 vacancy,79,5.38935788,4.2455,-1.1438578800000005,0.0011746835443037973
vacancy_O3,O3 vacancy,79,5.38935788,4.3592,-1.03015788,0.004694936708860759
vacancy_O3,O3 vacancy,79,5.38935788,4.4728,-0.91655788,0.02211392405063291
vacancy_O3,O3 vacancy,79,5.38935788,4.5865,-0.8028578800000004,0.048129113924050636
vacancy_O3,O3 vacancy,79,5.38935788,4.7002,-0.6891578800000007,0.041697468354430375
vacancy_O3,O3 vacancy,79,5.38935788,4.8139,-0.5754578800000001,0.045797468354430375
vacancy_O3,O3 vacancy,79,5.38935788,4.9275,-0.46185788000000016,0.04224683544303797
vacancy_O3,O3 vacancy,79,5.38935788,5.0412,-0.3481578800000005,0.015406329113924052
vacancy_O3,O3 vacancy,79,5.38935788,5.1549,-0.23445788000000078,0.0013658227848101264
vacancy_O3,O3 vacancy,79,5.38935788,5.2686,-0.1207578800000002,1.5189873417721518e-05
vacancy_O3,O3 vacancy,79,5.38935788,5.3823,-0.007057880000000516,0.0
vacancy_O3,O3 vacancy,79,5.38935788,5.4959,0.10654211999999941,0.0
vacancy_O3,O3 vacancy,79,5.38935788,5.6096,0.22024211999999999,0.0
vacancy_O3,O3 vacancy,79,5.38935788,5.7233,0.3339421199999997,0.0
vacancy_O3,O3 vacancy,79,5.38935788,5.837,0.44764211999999937,0.0
vacancy_O3,O3 vacancy,79,5.38935788,5.9506,0.5612421199999993,0.0
vacancy_O3,O3 vacancy,79,5.38935788,6.0643,0.6749421199999999,0.0
vacancy_O3,O3 vacancy,79,5.38935788,6.178,0.7886421199999996,5.063291139240507e-06
vacancy_O3,O3 vacancy,79,5.38935788,6.2917,0.9023421199999992,0.0002987341772151899
vacancy_O3,O3 vacancy,79,5.38935788,6.4053,1.01594212,0.0020455696202531645
vacancy_O3,O3 vacancy,79,5.38935788,6.519,1.1296421199999997,0.0031329113924050632
vacancy_O3,O3 vacancy,79,5.38935788,6.6327,1.2433421199999994,0.009953164556962026
vacancy_O3,O3 vacancy,79,5.38935788,6.7464,1.35704212,0.01570253164556962
vacancy_O3,O3 vacancy,79,5.38935788,6.8601,1.4707421199999997,0.018969620253164555
vacancy_O3,O3 vacancy,79,5.38935788,6.9737,1.5843421199999996,0.02588987341772152
vacancy_O3,O3 vacancy,79,5.38935788,7.0874,1.6980421199999993,0.019036708860759494
vacancy_O3,O3 vacancy,79,5.38935788,7.2011,1.81174212,0.013192405063291139
vacancy_O3,O3 vacancy,79,5.38935788,7.3148,1.9254421199999996,0.020351898734177212
vacancy_O3,O3 vacancy,79,5.38935788,7.4284,2.0390421199999995,0.04696835443037975
vacancy_O3,O3 vacancy,79,5.38935788,7.5421,2.152742119999999,0.07251898734177216
vacancy_O3,O3 vacancy,79,5.38935788,7.6558,2.26644212,0.053901265822784816
vacancy_O3,O3 vacancy,79,5.38935788,7.7695,2.3801421199999995,0.0438493670886076
vacancy_O3,O3 vacancy,79,5.38935788,7.8831,2.4937421199999994,0.06294810126582279
vacancy_O3,O3 vacancy,79,5.38935788,7.9968,2.60744212,0.07294556962025316
vacancy_O3,O3 vacancy,79,5.38935788,8.1105,2.7211421199999997,0.0652367088607595
vacancy_O3,O3 vacancy,79,5.38935788,8.2242,2.8348421199999994,0.07329367088607594
vacancy_O3,O3 vacancy,79,5.38935788,8.3379,2.948542119999999,0.059827848101265825
vacancy_O3,O3 vacancy,79,5.38935788,8.4515,3.062142119999999,0.06541012658227847
vacancy_O3,O3 vacancy,79,5.38935788,8.5652,3.1758421200000004,0.10771139240506329
vacancy_O3,O3 vacancy,79,5.38935788,8.6789,3.28954212,0.1136240506329114
vacancy_O3,O3 vacancy,79,5.38935788,8.7926,3.40324212,0.12360126582278481
vacancy_O3,O3 vacancy,79,5.38935788,8.9062,3.5168421199999997,0.10740632911392405
vacancy_O3,O3 vacancy,79,5.38935788,9.0199,3.6305421199999994,0.09024936708860759
vacancy_O3,O3 vacancy,79,5.38935788,9.1336,3.744242119999999,0.1054
vacancy_O3,O3 vacancy,79,5.38935788,9.2473,3.857942119999999,0.16316075949367087
vacancy_O3,O3 vacancy,79,5.38935788,9.361,3.9716421200000003,0.1922873417721519
vacancy_O3,O3 vacancy,79,5.38935788,9.4746,4.08524212,0.2164240506329114
vacancy_O3,O3 vacancy,79,5.38935788,9.5883,4.19894212,0.24314303797468356
vacancy_O3,O3 vacancy,79,5.38935788,9.702,4.31264212,0.29857341772151896
vacancy_O3,O3 vacancy,79,5.38935788,9.8157,4.426342119999999,0.30041392405063294
vacancy_O3,O3 vacancy,79,5.38935788,9.9293,4.539942119999999,0.28667088607594937
vacancy_O3,O3 vacancy,79,5.38935788,10.043,4.653642119999999,0.2850037974683544
vacancy_O3,O3 vacancy,79,5.38935788,10.1567,4.76734212,0.31575696202531645
vacancy_O3,O3 vacancy,79,5.38935788,10.2704,4.88104212,0.33487468354430383
vacancy_O3,O3 vacancy,79,5.38935788,10.384,4.99464212,0.3497924050632912
vacancy_O3,O3 vacancy,79,5.38935788,10.4977,5.10834212,0.33423037974683545
vacancy_O3,O3 vacancy,79,5.38935788,10.6114,5.222042119999999,0.2877215189873418
vacancy_O3,O3 vacancy,79,5.38935788,10.7251,5.335742119999999,0.23903164556962028
vacancy_O3,O3 vacancy,79,5.38935788,10.8388,5.4494421200000005,0.27279620253164555
vacancy_O3,O3 vacancy,79,5.38935788,10.9524,5.56304212,0.2789443037974684
vacancy_O3,O3 vacancy,79,5.38935788,11.0661,5.67674212,0.2875810126582279
vacancy_O3,O3 vacancy,79,5.38935788,11.1798,5.79044212,0.30180379746835445
vacancy_O3,O3 vacancy,79,5.38935788,11.2935,5.9041421199999995,0.3175341772151899
vacancy_O3,O3 vacancy,79,5.38935788,11.4071,6.017742119999999,0.285273417721519
vacancy_O3,O3 vacancy,79,5.38935788,11.5208,6.131442119999999,0.31343924050632915
vacancy_O3,O3 vacancy,79,5.38935788,11.6345,6.245142119999999,0.2854025316455696
vacancy_O3,O3 vacancy,79,5.38935788,11.7482,6.35884212,0.21006075949367087
vacancy_O3,O3 vacancy,79,5.38935788,11.8618,6.47244212,0.1785898734177215
vacancy_O3,O3 vacancy,79,5.38935788,11.9755,6.58614212,0.22427721518987342
vacancy_O3,O3 vacancy,79,5.38935788,12.0892,6.69984212,0.27010886075949364
vacancy_O3,O3 vacancy,79,5.38935788,12.2029,6.813542119999999,0.2999253164556962
vacancy_O3,O3 vacancy,79,5.38935788,12.3166,6.927242119999999,0.3361101265822785
vacancy_O3,O3 vacancy,79,5.38935788,12.4302,7.040842119999999,0.3554506329113924
vacancy_O3,O3 vacancy,79,5.38935788,12.5439,7.15454212,0.3594936708860759
vacancy_O3,O3 vacancy,79,5.38935788,12.6576,7.26824212,0.32878227848101266
vacancy_O3,O3 vacancy,79,5.38935788,12.7713,7.38194212,0.2976354430379747
vacancy_O3,O3 vacancy,79,5.38935788,12.8849,7.49554212,0.306393670886076
vacancy_O3,O3 vacancy,79,5.38935788,12.9986,7.609242119999999,0.2614405063291139
vacancy_O3,O3 vacancy,79,5.38935788,13.1123,7.722942119999999,0.2713645569620253
vacancy_O3,O3 vacancy,79,5.38935788,13.226,7.8366421200000005,0.30809113924050635
vacancy_O3,O3 vacancy,79,5.38935788,13.3396,7.95024212,0.35438987341772155
vacancy_O3,O3 vacancy,79,5.38935788,13.4533,8.06394212,0.37317848101265827
vacancy_O3,O3 vacancy,79,5.38935788,13.567,8.17764212,0.35822658227848103
vacancy_O3,O3 vacancy,79,5.38935788,13.6807,8.29134212,0.35969240506329114
vacancy_O3,O3 vacancy,79,5.38935788,13.7944,8.40504212,0.3581139240506329
vacancy_O3,O3 vacancy,79,5.38935788,13.908,8.518642119999999,0.2954329113924051
vacancy_O3,O3 vacancy,79,5.38935788,14.0217,8.632342119999999,0.2585126582278481
vacancy_O3,O3 vacancy,79,5.38935788,14.1354,8.74604212,0.2574151898734177
vacancy_O3,O3 vacancy,79,5.38935788,14.2491,8.85974212,0.26528354430379747
vacancy_O3,O3 vacancy,79,5.38935788,14.3627,8.97334212,0.28711898734177216
vacancy_O3,O3 vacancy,79,5.38935788,14.4764,9.08704212,0.3213974683544304
vacancy_O3,O3 vacancy,79,5.38935788,14.5901,9.20074212,0.3038632911392405
vacancy_O3,O3 vacancy,79,5.38935788,14.7038,9.314442119999999,0.3165025316455696
vacancy_O3,O3 vacancy,79,5.38935788,14.8175,9.42814212,0.3403240506329114
vacancy_O3,O3 vacancy,79,5.38935788,14.9311,9.54174212,0.3430518987341772
vacancy_O3,O3 vacancy,79,5.38935788,15.0448,9.65544212,0.38130379746835447
vacancy_O3,O3 vacancy,79,5.38935788,15.1585,9.76914212,0.39631645569620255
vacancy_O3,O3 vacancy,79,5.38935788,15.2722,9.88284212,0.39693291139240505
vacancy_O3,O3 vacancy,79,5.38935788,15.3858,9.99644212,0.30935443037974686
vacancy_O3,O3 vacancy,79,5.38935788,15.4995,10.110142119999999,0.23427088607594937
vacancy_O3,O3 vacancy,79,5.38935788,15.6132,10.22384212,0.1817544303797468
vacancy_O3,O3 vacancy,79,5.38935788,15.7269,10.33754212,0.12015569620253165
vacancy_O3,O3 vacancy,79,5.38935788,15.8405,10.45114212,0.05818354430379746
vacancy_O3,O3 vacancy,79,5.38935788,15.9542,10.56484212,0.02019873417721519
vacancy_O3,O3 vacancy,79,5.38935788,16.0679,10.678542120000001,0.0024354430379746835
vacancy_O3,O3 vacancy,79,5.38935788,16.1816,10.79224212,4.810126582278481e-05
vacancy_O3,O3 vacancy,79,5.38935788,16.2953,10.90594212,0.0
vacancy_O3,O3 vacancy,79,5.38935788,16.4089,11.019542119999999,0.0
vacancy_O3,O3 vacancy,79,5.38935788,16.5226,11.13324212,0.0
vacancy_O3,O3 vacancy,79,5.38935788,16.6363,11.246942119999998,0.0
vacancy_O3,O3 vacancy,79,5.38935788,16.75,11.36064212,0.0
vacancy_O3,O3 vacancy,79,5.38935788,16.8636,11.474242120000001,0.0
vacancy_O3,O3 vacancy,79,5.38935788,16.9773,11.58794212,0.0
vacancy_O3,O3 vacancy,79,5.38935788,17.091,11.70164212,0.0
vacancy_O3,O3 vacancy,79,5.38935788,17.2047,11.815342119999999,0.0
vacancy_O3,O3 vacancy,79,5.38935788,17.3183,11.92894212,0.0
vacancy_O3,O3 vacancy,79,5.38935788,17.432,12.042642119999998,0.0
